"../../../Engine/Plugins/Animation/ACLPlugin/Content/ACLAnimCurveCompressionSettings.uasset" 0
"../../../Engine/Plugins/Animation/ACLPlugin/Content/ACLAnimCurveCompressionSettings.uexp" 1
"../../../Engine/Plugins/Animation/ACLPlugin/Content/ACLAnimBoneCompressionSettings.uasset" 2
"../../../Engine/Plugins/Animation/ACLPlugin/Content/ACLAnimBoneCompressionSettings.uexp" 3
"../../../Engine/Plugins/2D/Paper2D/Content/PlaceholderTextures/DummySpriteTexture.ubulk" 4
"../../../Engine/Plugins/2D/Paper2D/Content/PlaceholderTextures/DummySpriteTexture.uasset" 5
"../../../Engine/Plugins/2D/Paper2D/Content/PlaceholderTextures/DummySpriteTexture.uexp" 6
"../../../Engine/Plugins/2D/Paper2D/Content/DummySprite.uasset" 7
"../../../Engine/Plugins/2D/Paper2D/Content/DummySprite.uexp" 8
"../../../Engine/Plugins/2D/Paper2D/Content/DefaultPaperTerrainMaterial.uasset" 9
"../../../Engine/Plugins/2D/Paper2D/Content/DefaultPaperTerrainMaterial.uexp" 10
"../../../Engine/Content/Animation/DefaultVariableFrameStrippingSettings.uasset" 11
"../../../Engine/Content/Animation/DefaultVariableFrameStrippingSettings.uexp" 12
"../../../Engine/Content/Animation/DefaultRecorderBoneCompression.uasset" 13
"../../../Engine/Content/Animation/DefaultRecorderBoneCompression.uexp" 14
"../../../Engine/Plugins/Animation/ControlRig/Content/Controls/DefaultGizmoLibraryNormalized.uasset" 15
"../../../Engine/Plugins/Animation/ControlRig/Content/Controls/DefaultGizmoLibraryNormalized.uexp" 16
"../../../Engine/Content/EngineSounds/Master.uasset" 17
"../../../Engine/Content/EngineSounds/Master.uexp" 18
"../../../Engine/Content/EngineMaterials/DefaultPhysicalMaterial.uasset" 19
"../../../Engine/Content/EngineMaterials/DefaultPhysicalMaterial.uexp" 20
"../../../Engine/Content/EngineMaterials/DefaultDestructiblePhysicalMaterial.uasset" 21
"../../../Engine/Content/EngineMaterials/DefaultDestructiblePhysicalMaterial.uexp" 22
"../../../Engine/Content/EngineFonts/Faces/DroidSansFallback.uexp" 23
"../../../Engine/Content/EngineFonts/Faces/DroidSansFallback.uasset" 24
"../../../Engine/Content/EngineFonts/Faces/DroidSansFallback.ufont" 25
"../../../Engine/Content/EngineFonts/Faces/RobotoRegular.uexp" 26
"../../../Engine/Content/EngineFonts/Faces/RobotoRegular.uasset" 27
"../../../Engine/Content/EngineFonts/Faces/RobotoRegular.ufont" 28
"../../../Engine/Content/EngineFonts/Faces/RobotoLight.uexp" 29
"../../../Engine/Content/EngineFonts/Faces/RobotoLight.uasset" 30
"../../../Engine/Content/EngineFonts/Faces/RobotoLight.ufont" 31
"../../../Engine/Content/EngineFonts/Faces/RobotoItalic.uexp" 32
"../../../Engine/Content/EngineFonts/Faces/RobotoItalic.uasset" 33
"../../../Engine/Content/EngineFonts/Faces/RobotoItalic.ufont" 34
"../../../Engine/Content/EngineFonts/Faces/RobotoBoldItalic.uexp" 35
"../../../Engine/Content/EngineFonts/Faces/RobotoBoldItalic.uasset" 36
"../../../Engine/Content/EngineFonts/Faces/RobotoBoldItalic.ufont" 37
"../../../Engine/Content/EngineFonts/Faces/RobotoBold.uexp" 38
"../../../Engine/Content/EngineFonts/Faces/RobotoBold.uasset" 39
"../../../Engine/Content/EngineFonts/Faces/RobotoBold.ufont" 40
"../../../Engine/Content/EngineFonts/Roboto.uasset" 41
"../../../Engine/Content/EngineFonts/Roboto.uexp" 42
"../../../Engine/Content/EngineFonts/Faces/DroidSansMono.uexp" 43
"../../../Engine/Content/EngineFonts/Faces/DroidSansMono.uasset" 44
"../../../Engine/Content/EngineFonts/Faces/DroidSansMono.ufont" 45
"../../../Engine/Content/EngineFonts/DroidSansMono.uasset" 46
"../../../Engine/Content/EngineFonts/DroidSansMono.uexp" 47
"../../../Engine/Plugins/Interchange/Runtime/Content/Pipelines/DefaultTexturePipeline.uasset" 48
"../../../Engine/Plugins/Interchange/Runtime/Content/Pipelines/DefaultTexturePipeline.uexp" 49
"../../../Engine/Plugins/Interchange/Runtime/Content/Pipelines/DefaultSceneLevelPipeline.uasset" 50
"../../../Engine/Plugins/Interchange/Runtime/Content/Pipelines/DefaultSceneLevelPipeline.uexp" 51
"../../../Engine/Plugins/Interchange/Runtime/Content/Pipelines/DefaultSceneAssetsPipeline.uasset" 52
"../../../Engine/Plugins/Interchange/Runtime/Content/Pipelines/DefaultSceneAssetsPipeline.uexp" 53
"../../../Engine/Plugins/Interchange/Runtime/Content/Pipelines/DefaultMaterialXPipeline.uasset" 54
"../../../Engine/Plugins/Interchange/Runtime/Content/Pipelines/DefaultMaterialXPipeline.uexp" 55
"../../../Engine/Plugins/Interchange/Runtime/Content/Pipelines/DefaultMaterialPipeline.uasset" 56
"../../../Engine/Plugins/Interchange/Runtime/Content/Pipelines/DefaultMaterialPipeline.uexp" 57
"../../../Engine/Plugins/Interchange/Runtime/Content/Pipelines/DefaultGLTFSceneAssetsPipeline.uasset" 58
"../../../Engine/Plugins/Interchange/Runtime/Content/Pipelines/DefaultGLTFSceneAssetsPipeline.uexp" 59
"../../../Engine/Plugins/Interchange/Runtime/Content/Pipelines/DefaultGLTFPipeline.uasset" 60
"../../../Engine/Plugins/Interchange/Runtime/Content/Pipelines/DefaultGLTFPipeline.uexp" 61
"../../../Engine/Plugins/Interchange/Runtime/Content/Pipelines/DefaultGLTFAssetsPipeline.uasset" 62
"../../../Engine/Plugins/Interchange/Runtime/Content/Pipelines/DefaultGLTFAssetsPipeline.uexp" 63
"../../../Engine/Plugins/Interchange/Runtime/Content/Pipelines/DefaultAssetsPipeline.uasset" 64
"../../../Engine/Plugins/Interchange/Runtime/Content/Pipelines/DefaultAssetsPipeline.uexp" 65
"../../../Engine/Content/MobileResources/HUD/VirtualJoystick_Thumb.uasset" 66
"../../../Engine/Content/MobileResources/HUD/VirtualJoystick_Thumb.uexp" 67
"../../../Engine/Content/MobileResources/HUD/VirtualJoystick_Background.uasset" 68
"../../../Engine/Content/MobileResources/HUD/VirtualJoystick_Background.uexp" 69
"../../../Engine/Content/MobileResources/HUD/DefaultVirtualJoysticks.uasset" 70
"../../../Engine/Content/MobileResources/HUD/DefaultVirtualJoysticks.uexp" 71
"../../../Engine/Content/EngineResources/GradientTexture0.uasset" 72
"../../../Engine/Content/EngineResources/GradientTexture0.uexp" 73
"../../../Engine/Content/EngineResources/Black.uasset" 74
"../../../Engine/Content/EngineResources/Black.uexp" 75
"../../../Engine/Content/EditorResources/S_Actor.ubulk" 76
"../../../Engine/Content/EditorResources/S_Actor.uasset" 77
"../../../Engine/Content/EditorResources/S_Actor.uexp" 78
"../../../Engine/Plugins/NNE/NNEDenoiser/Content/NNEDTOM_Output_Default.uasset" 79
"../../../Engine/Plugins/NNE/NNEDenoiser/Content/NNEDTOM_Output_Default.uexp" 80
"../../../Engine/Plugins/NNE/NNEDenoiser/Content/NNEDTOM_Output_Alpha.uasset" 81
"../../../Engine/Plugins/NNE/NNEDenoiser/Content/NNEDTOM_Output_Alpha.uexp" 82
"../../../Engine/Plugins/NNE/NNEDenoiser/Content/NNEDTIM_ColorAlbedoNormal_Default.uasset" 83
"../../../Engine/Plugins/NNE/NNEDenoiser/Content/NNEDTIM_ColorAlbedoNormal_Default.uexp" 84
"../../../Engine/Plugins/NNE/NNEDenoiser/Content/NNEDTIM_ColorAlbedoNormal_Alpha.uasset" 85
"../../../Engine/Plugins/NNE/NNEDenoiser/Content/NNEDTIM_ColorAlbedoNormal_Alpha.uexp" 86
"../../../Engine/Plugins/NNE/NNEDenoiser/Content/NNEDOM_Output_Default.uasset" 87
"../../../Engine/Plugins/NNE/NNEDenoiser/Content/NNEDOM_Output_Default.uexp" 88
"../../../Engine/Plugins/NNE/NNEDenoiser/Content/NNEDOM_Output_Alpha.uasset" 89
"../../../Engine/Plugins/NNE/NNEDenoiser/Content/NNEDOM_Output_Alpha.uexp" 90
"../../../Engine/Plugins/NNE/NNEDenoiser/Content/NNEDIM_HighQuality_Default.uasset" 91
"../../../Engine/Plugins/NNE/NNEDenoiser/Content/NNEDIM_HighQuality_Default.uexp" 92
"../../../Engine/Plugins/NNE/NNEDenoiser/Content/NNEDIM_HighQuality_Alpha.uasset" 93
"../../../Engine/Plugins/NNE/NNEDenoiser/Content/NNEDIM_HighQuality_Alpha.uexp" 94
"../../../Engine/Plugins/NNE/NNEDenoiser/Content/NNEDIM_ColorAlbedoNormal_Default.uasset" 95
"../../../Engine/Plugins/NNE/NNEDenoiser/Content/NNEDIM_ColorAlbedoNormal_Default.uexp" 96
"../../../Engine/Plugins/NNE/NNEDenoiser/Content/NNEDIM_ColorAlbedoNormal_Alpha.uasset" 97
"../../../Engine/Plugins/NNE/NNEDenoiser/Content/NNEDIM_ColorAlbedoNormal_Alpha.uexp" 98
"../../../Engine/Content/EditorResources/S_TriggerSphere.uasset" 99
"../../../Engine/Content/EditorResources/S_TriggerSphere.uexp" 100
"../../../Engine/Content/EditorResources/S_TriggerCapsule.uasset" 101
"../../../Engine/Content/EditorResources/S_TriggerCapsule.uexp" 102
"../../../Engine/Content/EditorResources/S_TriggerBox.uasset" 103
"../../../Engine/Content/EditorResources/S_TriggerBox.uexp" 104
"../../../Engine/Content/EditorResources/S_Trigger.ubulk" 105
"../../../Engine/Content/EditorResources/S_Trigger.uasset" 106
"../../../Engine/Content/EditorResources/S_Trigger.uexp" 107
"../../../Engine/Content/EditorResources/S_Terrain.ubulk" 108
"../../../Engine/Content/EditorResources/S_Terrain.uasset" 109
"../../../Engine/Content/EditorResources/S_Terrain.uexp" 110
"../../../Engine/Content/EditorResources/S_Solver.ubulk" 111
"../../../Engine/Content/EditorResources/S_Solver.uasset" 112
"../../../Engine/Content/EditorResources/S_Solver.uexp" 113
"../../../Engine/Content/EditorResources/S_BoxReflectionCapture.uasset" 114
"../../../Engine/Content/EditorResources/S_BoxReflectionCapture.uexp" 115
"../../../Engine/Content/EditorResources/BSPVertex.uasset" 116
"../../../Engine/Content/EditorResources/BSPVertex.uexp" 117
"../../../Engine/Content/EngineResources/DefaultTexture.ubulk" 118
"../../../Engine/Content/EngineResources/DefaultTexture.uasset" 119
"../../../Engine/Content/EngineResources/DefaultTexture.uexp" 120
"../../../Engine/Content/EngineMaterials/PreintegratedSkinBRDF.uasset" 121
"../../../Engine/Content/EngineMaterials/PreintegratedSkinBRDF.uexp" 122
"../../../Engine/Content/EngineMaterials/MiniFont.uasset" 123
"../../../Engine/Content/EngineMaterials/MiniFont.uexp" 124
"../../../Engine/Content/EngineMaterials/FastBlueNoise_vec2_128x128x64.uasset" 125
"../../../Engine/Content/EngineMaterials/FastBlueNoise_vec2_128x128x64.uexp" 126
"../../../Engine/Content/EngineMaterials/FastBlueNoise_scalar_128x128x8.uasset" 127
"../../../Engine/Content/EngineMaterials/FastBlueNoise_scalar_128x128x8.uexp" 128
"../../../Engine/Content/EngineMaterials/FastBlueNoise_scalar_128x128x64.uasset" 129
"../../../Engine/Content/EngineMaterials/FastBlueNoise_scalar_128x128x64.uexp" 130
"../../../Engine/Content/EngineMaterials/DefaultWhiteGrid.ubulk" 131
"../../../Engine/Content/EngineMaterials/DefaultWhiteGrid.uasset" 132
"../../../Engine/Content/EngineMaterials/DefaultWhiteGrid.uexp" 133
"../../../Engine/Content/EngineMaterials/DefaultBokeh.uasset" 134
"../../../Engine/Content/EngineMaterials/DefaultBokeh.uexp" 135
"../../../Engine/Content/EngineMaterials/DefaultBloomKernel.uasset" 136
"../../../Engine/Content/EngineMaterials/DefaultBloomKernel.uexp" 137
"../../../Engine/Content/EngineDamageTypes/DmgTypeBP_Environmental.uasset" 138
"../../../Engine/Content/EngineDamageTypes/DmgTypeBP_Environmental.uexp" 139
"../../../Engine/Plugins/Runtime/AudioWidgets/Content/Resources/ScrubHandleDown_Clamped.uasset" 140
"../../../Engine/Plugins/Runtime/AudioWidgets/Content/Resources/ScrubHandleDown_Clamped.uexp" 141
"../../../Engine/Content/EditorMaterials/ParticleSystems/PSysThumbnail_OOD.ubulk" 142
"../../../Engine/Content/EditorMaterials/ParticleSystems/PSysThumbnail_OOD.uasset" 143
"../../../Engine/Content/EditorMaterials/ParticleSystems/PSysThumbnail_OOD.uexp" 144
"../../../Engine/Content/EditorMaterials/ParticleSystems/PSysThumbnail_NoImage.ubulk" 145
"../../../Engine/Content/EditorMaterials/ParticleSystems/PSysThumbnail_NoImage.uasset" 146
"../../../Engine/Content/EditorMaterials/ParticleSystems/PSysThumbnail_NoImage.uexp" 147
"../../../Engine/Content/EngineResources/FilmGrains/Marcie_Grain_v3_128_M2_000.uasset" 148
"../../../Engine/Content/EngineResources/FilmGrains/Marcie_Grain_v3_128_M2_000.uexp" 149
"../../../Engine/Content/EngineResources/Development/ZenLogo_64.uasset" 150
"../../../Engine/Content/EngineResources/Development/ZenLogo_64.uexp" 151
"../../../Engine/Content/EngineMaterials/LTC/Sheen_LTC.uasset" 152
"../../../Engine/Content/EngineMaterials/LTC/Sheen_LTC.uexp" 153
"../../../Engine/Content/EngineMaterials/LTC/GGX_LTCMat.uasset" 154
"../../../Engine/Content/EngineMaterials/LTC/GGX_LTCMat.uexp" 155
"../../../Engine/Content/EngineMaterials/LTC/GGX_LTCAmp.uasset" 156
"../../../Engine/Content/EngineMaterials/LTC/GGX_LTCAmp.uexp" 157
"../../../Engine/Content/EngineMaterials/EnergyConservation/Sheen_Energy.uasset" 158
"../../../Engine/Content/EngineMaterials/EnergyConservation/Sheen_Energy.uexp" 159
"../../../Engine/Content/EngineMaterials/EnergyConservation/SheenLegacy_Energy.uasset" 160
"../../../Engine/Content/EngineMaterials/EnergyConservation/SheenLegacy_Energy.uexp" 161
"../../../Engine/Content/EngineMaterials/EnergyConservation/GGX_TransmissionEnergyArray.uasset" 162
"../../../Engine/Content/EngineMaterials/EnergyConservation/GGX_TransmissionEnergyArray.uexp" 163
"../../../Engine/Content/EngineMaterials/EnergyConservation/GGX_ReflectionEnergy.uasset" 164
"../../../Engine/Content/EngineMaterials/EnergyConservation/GGX_ReflectionEnergy.uexp" 165
"../../../Engine/Content/EngineMaterials/EnergyConservation/Diffuse_Energy.uasset" 166
"../../../Engine/Content/EngineMaterials/EnergyConservation/Diffuse_Energy.uexp" 167
"../../../Engine/Content/EditorResources/SequenceRecorder/RecordingIndicator.uasset" 168
"../../../Engine/Content/EditorResources/SequenceRecorder/RecordingIndicator.uexp" 169
"../../../Engine/Content/EditorResources/SequenceRecorder/Countdown.uasset" 170
"../../../Engine/Content/EditorResources/SequenceRecorder/Countdown.uexp" 171
"C:/Users/Caryn/OneDrive - Ulster University/Documents/GitHub/UnlawfulGoodPrototyping/UnlawfulGoodUnreal/Content/Sounds/Swish_sound.ubulk" 172
"C:/Users/Caryn/OneDrive - Ulster University/Documents/GitHub/UnlawfulGoodPrototyping/UnlawfulGoodUnreal/Content/Sounds/Swish_sound.uasset" 173
"C:/Users/Caryn/OneDrive - Ulster University/Documents/GitHub/UnlawfulGoodPrototyping/UnlawfulGoodUnreal/Content/Sounds/Swish_sound.uexp" 174
"C:/Users/Caryn/OneDrive - Ulster University/Documents/GitHub/UnlawfulGoodPrototyping/UnlawfulGoodUnreal/Content/Sounds/Jump_sound.ubulk" 175
"C:/Users/Caryn/OneDrive - Ulster University/Documents/GitHub/UnlawfulGoodPrototyping/UnlawfulGoodUnreal/Content/Sounds/Jump_sound.uasset" 176
"C:/Users/Caryn/OneDrive - Ulster University/Documents/GitHub/UnlawfulGoodPrototyping/UnlawfulGoodUnreal/Content/Sounds/Jump_sound.uexp" 177
"C:/Users/Caryn/OneDrive - Ulster University/Documents/GitHub/UnlawfulGoodPrototyping/UnlawfulGoodUnreal/Content/Sounds/JumpLanding_sound.ubulk" 178
"C:/Users/Caryn/OneDrive - Ulster University/Documents/GitHub/UnlawfulGoodPrototyping/UnlawfulGoodUnreal/Content/Sounds/JumpLanding_sound.uasset" 179
"C:/Users/Caryn/OneDrive - Ulster University/Documents/GitHub/UnlawfulGoodPrototyping/UnlawfulGoodUnreal/Content/Sounds/JumpLanding_sound.uexp" 180
"C:/Users/Caryn/OneDrive - Ulster University/Documents/GitHub/UnlawfulGoodPrototyping/UnlawfulGoodUnreal/Content/Sounds/health-down_sound.ubulk" 181
"C:/Users/Caryn/OneDrive - Ulster University/Documents/GitHub/UnlawfulGoodPrototyping/UnlawfulGoodUnreal/Content/Sounds/health-down_sound.uasset" 182
"C:/Users/Caryn/OneDrive - Ulster University/Documents/GitHub/UnlawfulGoodPrototyping/UnlawfulGoodUnreal/Content/Sounds/health-down_sound.uexp" 183
"C:/Users/Caryn/OneDrive - Ulster University/Documents/GitHub/UnlawfulGoodPrototyping/UnlawfulGoodUnreal/Content/Sounds/GameOver_sound.ubulk" 184
"C:/Users/Caryn/OneDrive - Ulster University/Documents/GitHub/UnlawfulGoodPrototyping/UnlawfulGoodUnreal/Content/Sounds/GameOver_sound.uasset" 185
"C:/Users/Caryn/OneDrive - Ulster University/Documents/GitHub/UnlawfulGoodPrototyping/UnlawfulGoodUnreal/Content/Sounds/GameOver_sound.uexp" 186
"C:/Users/Caryn/OneDrive - Ulster University/Documents/GitHub/UnlawfulGoodPrototyping/UnlawfulGoodUnreal/Content/Sounds/Footstep_sound.ubulk" 187
"C:/Users/Caryn/OneDrive - Ulster University/Documents/GitHub/UnlawfulGoodPrototyping/UnlawfulGoodUnreal/Content/Sounds/Footstep_sound.uasset" 188
"C:/Users/Caryn/OneDrive - Ulster University/Documents/GitHub/UnlawfulGoodPrototyping/UnlawfulGoodUnreal/Content/Sounds/Footstep_sound.uexp" 189
"C:/Users/Caryn/OneDrive - Ulster University/Documents/GitHub/UnlawfulGoodPrototyping/UnlawfulGoodUnreal/Content/Sounds/Deflect_sound.ubulk" 190
"C:/Users/Caryn/OneDrive - Ulster University/Documents/GitHub/UnlawfulGoodPrototyping/UnlawfulGoodUnreal/Content/Sounds/Deflect_sound.uasset" 191
"C:/Users/Caryn/OneDrive - Ulster University/Documents/GitHub/UnlawfulGoodPrototyping/UnlawfulGoodUnreal/Content/Sounds/Deflect_sound.uexp" 192
"C:/Users/Caryn/OneDrive - Ulster University/Documents/GitHub/UnlawfulGoodPrototyping/UnlawfulGoodUnreal/Content/Sounds/BoStaffHitFloor_sound.ubulk" 193
"C:/Users/Caryn/OneDrive - Ulster University/Documents/GitHub/UnlawfulGoodPrototyping/UnlawfulGoodUnreal/Content/Sounds/BoStaffHitFloor_sound.uasset" 194
"C:/Users/Caryn/OneDrive - Ulster University/Documents/GitHub/UnlawfulGoodPrototyping/UnlawfulGoodUnreal/Content/Sounds/BoStaffHitFloor_sound.uexp" 195
"C:/Users/Caryn/OneDrive - Ulster University/Documents/GitHub/UnlawfulGoodPrototyping/UnlawfulGoodUnreal/Content/Affects/BP_ShakePlayerHurt.uasset" 196
"C:/Users/Caryn/OneDrive - Ulster University/Documents/GitHub/UnlawfulGoodPrototyping/UnlawfulGoodUnreal/Content/Affects/BP_ShakePlayerHurt.uexp" 197
"../../../Engine/Content/VREditor/Sounds/VR_close.ubulk" 198
"../../../Engine/Content/VREditor/Sounds/VR_close.uasset" 199
"../../../Engine/Content/VREditor/Sounds/VR_close.uexp" 200
"../../../Engine/Content/VREditor/Sounds/UI/Dockable_Window_Open.ubulk" 201
"../../../Engine/Content/VREditor/Sounds/UI/Dockable_Window_Open.uasset" 202
"../../../Engine/Content/VREditor/Sounds/UI/Dockable_Window_Open.uexp" 203
"C:/Users/Caryn/OneDrive - Ulster University/Documents/GitHub/UnlawfulGoodPrototyping/UnlawfulGoodUnreal/Content/UI/Fonts/IMMORTAL.uexp" 204
"C:/Users/Caryn/OneDrive - Ulster University/Documents/GitHub/UnlawfulGoodPrototyping/UnlawfulGoodUnreal/Content/UI/Fonts/IMMORTAL.uasset" 205
"C:/Users/Caryn/OneDrive - Ulster University/Documents/GitHub/UnlawfulGoodPrototyping/UnlawfulGoodUnreal/Content/UI/Fonts/IMMORTAL.ufont" 206
"C:/Users/Caryn/OneDrive - Ulster University/Documents/GitHub/UnlawfulGoodPrototyping/UnlawfulGoodUnreal/Content/UI/Fonts/IMMORTAL_Font.uasset" 207
"C:/Users/Caryn/OneDrive - Ulster University/Documents/GitHub/UnlawfulGoodPrototyping/UnlawfulGoodUnreal/Content/UI/Fonts/IMMORTAL_Font.uexp" 208
"C:/Users/Caryn/OneDrive - Ulster University/Documents/GitHub/UnlawfulGoodPrototyping/UnlawfulGoodUnreal/Content/UI/HUD/pauseartUL.uasset" 209
"C:/Users/Caryn/OneDrive - Ulster University/Documents/GitHub/UnlawfulGoodPrototyping/UnlawfulGoodUnreal/Content/UI/HUD/pauseartUL.uexp" 210
"C:/Users/Caryn/OneDrive - Ulster University/Documents/GitHub/UnlawfulGoodPrototyping/UnlawfulGoodUnreal/Content/UI/HUD/hearts-full.uasset" 211
"C:/Users/Caryn/OneDrive - Ulster University/Documents/GitHub/UnlawfulGoodPrototyping/UnlawfulGoodUnreal/Content/UI/HUD/hearts-full.uexp" 212
"C:/Users/Caryn/OneDrive - Ulster University/Documents/GitHub/UnlawfulGoodPrototyping/UnlawfulGoodUnreal/Content/UI/HUD/hearts-empty.uasset" 213
"C:/Users/Caryn/OneDrive - Ulster University/Documents/GitHub/UnlawfulGoodPrototyping/UnlawfulGoodUnreal/Content/UI/HUD/hearts-empty.uexp" 214
"C:/Users/Caryn/OneDrive - Ulster University/Documents/GitHub/UnlawfulGoodPrototyping/UnlawfulGoodUnreal/Content/UI/HUD/gameoverartUL.uasset" 215
"C:/Users/Caryn/OneDrive - Ulster University/Documents/GitHub/UnlawfulGoodPrototyping/UnlawfulGoodUnreal/Content/UI/HUD/gameoverartUL.uexp" 216
"C:/Users/Caryn/OneDrive - Ulster University/Documents/GitHub/UnlawfulGoodPrototyping/UnlawfulGoodUnreal/Content/UI/HUD/stamina-full.ubulk" 217
"C:/Users/Caryn/OneDrive - Ulster University/Documents/GitHub/UnlawfulGoodPrototyping/UnlawfulGoodUnreal/Content/UI/HUD/stamina-full.uasset" 218
"C:/Users/Caryn/OneDrive - Ulster University/Documents/GitHub/UnlawfulGoodPrototyping/UnlawfulGoodUnreal/Content/UI/HUD/stamina-full.uexp" 219
"C:/Users/Caryn/OneDrive - Ulster University/Documents/GitHub/UnlawfulGoodPrototyping/UnlawfulGoodUnreal/Content/UI/HUD/stamina-empty.ubulk" 220
"C:/Users/Caryn/OneDrive - Ulster University/Documents/GitHub/UnlawfulGoodPrototyping/UnlawfulGoodUnreal/Content/UI/HUD/stamina-empty.uasset" 221
"C:/Users/Caryn/OneDrive - Ulster University/Documents/GitHub/UnlawfulGoodPrototyping/UnlawfulGoodUnreal/Content/UI/HUD/stamina-empty.uexp" 222
"C:/Users/Caryn/OneDrive - Ulster University/Documents/GitHub/UnlawfulGoodPrototyping/UnlawfulGoodUnreal/Content/UI/HUD/WB_HUD.uasset" 223
"C:/Users/Caryn/OneDrive - Ulster University/Documents/GitHub/UnlawfulGoodPrototyping/UnlawfulGoodUnreal/Content/UI/HUD/WB_HUD.uexp" 224
"C:/Users/Caryn/OneDrive - Ulster University/Documents/GitHub/UnlawfulGoodPrototyping/UnlawfulGoodUnreal/Content/Enemies/Sprites/Bullet/Bullet.uasset" 225
"C:/Users/Caryn/OneDrive - Ulster University/Documents/GitHub/UnlawfulGoodPrototyping/UnlawfulGoodUnreal/Content/Enemies/Sprites/Bullet/Bullet.uexp" 226
"C:/Users/Caryn/OneDrive - Ulster University/Documents/GitHub/UnlawfulGoodPrototyping/UnlawfulGoodUnreal/Content/Enemies/Sprites/Bullet/Bullet_Sprite_0.uasset" 227
"C:/Users/Caryn/OneDrive - Ulster University/Documents/GitHub/UnlawfulGoodPrototyping/UnlawfulGoodUnreal/Content/Enemies/Sprites/Bullet/Bullet_Sprite_0.uexp" 228
"C:/Users/Caryn/OneDrive - Ulster University/Documents/GitHub/UnlawfulGoodPrototyping/UnlawfulGoodUnreal/Content/Enemies/Sprites/Bullet/Bullet_Sprite_1.uasset" 229
"C:/Users/Caryn/OneDrive - Ulster University/Documents/GitHub/UnlawfulGoodPrototyping/UnlawfulGoodUnreal/Content/Enemies/Sprites/Bullet/Bullet_Sprite_1.uexp" 230
"C:/Users/Caryn/OneDrive - Ulster University/Documents/GitHub/UnlawfulGoodPrototyping/UnlawfulGoodUnreal/Content/Enemies/Sprites/Bullet/Bullet_Sprite_2.uasset" 231
"C:/Users/Caryn/OneDrive - Ulster University/Documents/GitHub/UnlawfulGoodPrototyping/UnlawfulGoodUnreal/Content/Enemies/Sprites/Bullet/Bullet_Sprite_2.uexp" 232
"C:/Users/Caryn/OneDrive - Ulster University/Documents/GitHub/UnlawfulGoodPrototyping/UnlawfulGoodUnreal/Content/Enemies/Sprites/Bullet/Bullet_Sprite_3.uasset" 233
"C:/Users/Caryn/OneDrive - Ulster University/Documents/GitHub/UnlawfulGoodPrototyping/UnlawfulGoodUnreal/Content/Enemies/Sprites/Bullet/Bullet_Sprite_3.uexp" 234
"C:/Users/Caryn/OneDrive - Ulster University/Documents/GitHub/UnlawfulGoodPrototyping/UnlawfulGoodUnreal/Content/Enemies/Sprites/Bullet/FB_BulletFire.uasset" 235
"C:/Users/Caryn/OneDrive - Ulster University/Documents/GitHub/UnlawfulGoodPrototyping/UnlawfulGoodUnreal/Content/Enemies/Sprites/Bullet/FB_BulletFire.uexp" 236
"C:/Users/Caryn/OneDrive - Ulster University/Documents/GitHub/UnlawfulGoodPrototyping/UnlawfulGoodUnreal/Content/Enemies/Blueprints/BP_Bullet.uasset" 237
"C:/Users/Caryn/OneDrive - Ulster University/Documents/GitHub/UnlawfulGoodPrototyping/UnlawfulGoodUnreal/Content/Enemies/Blueprints/BP_Bullet.uexp" 238
"C:/Users/Caryn/OneDrive - Ulster University/Documents/GitHub/UnlawfulGoodPrototyping/UnlawfulGoodUnreal/Content/Blueprints/PlayerCharacter/AS_PlayerChar.uasset" 239
"C:/Users/Caryn/OneDrive - Ulster University/Documents/GitHub/UnlawfulGoodPrototyping/UnlawfulGoodUnreal/Content/Blueprints/PlayerCharacter/AS_PlayerChar.uexp" 240
"C:/Users/Caryn/OneDrive - Ulster University/Documents/GitHub/UnlawfulGoodPrototyping/UnlawfulGoodUnreal/Content/Sprites/PlayerCharacter/FinalSprites/PrisonerSprites.uasset" 241
"C:/Users/Caryn/OneDrive - Ulster University/Documents/GitHub/UnlawfulGoodPrototyping/UnlawfulGoodUnreal/Content/Sprites/PlayerCharacter/FinalSprites/PrisonerSprites.uexp" 242
"C:/Users/Caryn/OneDrive - Ulster University/Documents/GitHub/UnlawfulGoodPrototyping/UnlawfulGoodUnreal/Content/Sprites/PlayerCharacter/FinalSprites/PrisonerSprites_Sprite_28.uasset" 243
"C:/Users/Caryn/OneDrive - Ulster University/Documents/GitHub/UnlawfulGoodPrototyping/UnlawfulGoodUnreal/Content/Sprites/PlayerCharacter/FinalSprites/PrisonerSprites_Sprite_28.uexp" 244
"C:/Users/Caryn/OneDrive - Ulster University/Documents/GitHub/UnlawfulGoodPrototyping/UnlawfulGoodUnreal/Content/Sprites/PlayerCharacter/FinalSprites/PrisonerSprites_Sprite_29.uasset" 245
"C:/Users/Caryn/OneDrive - Ulster University/Documents/GitHub/UnlawfulGoodPrototyping/UnlawfulGoodUnreal/Content/Sprites/PlayerCharacter/FinalSprites/PrisonerSprites_Sprite_29.uexp" 246
"../../../Engine/Plugins/2D/Paper2D/Content/DefaultSpriteMaterial.uasset" 247
"../../../Engine/Plugins/2D/Paper2D/Content/DefaultSpriteMaterial.uexp" 248
"../../../Engine/Plugins/2D/Paper2D/Content/TranslucentUnlitSpriteMaterial.uasset" 249
"../../../Engine/Plugins/2D/Paper2D/Content/TranslucentUnlitSpriteMaterial.uexp" 250
"C:/Users/Caryn/OneDrive - Ulster University/Documents/GitHub/UnlawfulGoodPrototyping/UnlawfulGoodUnreal/Content/Sprites/PlayerCharacter/FinalSprites/PrisonerSprites_Sprite_30.uasset" 251
"C:/Users/Caryn/OneDrive - Ulster University/Documents/GitHub/UnlawfulGoodPrototyping/UnlawfulGoodUnreal/Content/Sprites/PlayerCharacter/FinalSprites/PrisonerSprites_Sprite_30.uexp" 252
"C:/Users/Caryn/OneDrive - Ulster University/Documents/GitHub/UnlawfulGoodPrototyping/UnlawfulGoodUnreal/Content/Sprites/PlayerCharacter/FinalSprites/PrisonerSprites_Sprite_31.uasset" 253
"C:/Users/Caryn/OneDrive - Ulster University/Documents/GitHub/UnlawfulGoodPrototyping/UnlawfulGoodUnreal/Content/Sprites/PlayerCharacter/FinalSprites/PrisonerSprites_Sprite_31.uexp" 254
"C:/Users/Caryn/OneDrive - Ulster University/Documents/GitHub/UnlawfulGoodPrototyping/UnlawfulGoodUnreal/Content/Sprites/PlayerCharacter/Flipbooks/FB_PrisVault.uasset" 255
"C:/Users/Caryn/OneDrive - Ulster University/Documents/GitHub/UnlawfulGoodPrototyping/UnlawfulGoodUnreal/Content/Sprites/PlayerCharacter/Flipbooks/FB_PrisVault.uexp" 256
"C:/Users/Caryn/OneDrive - Ulster University/Documents/GitHub/UnlawfulGoodPrototyping/UnlawfulGoodUnreal/Content/Blueprints/PlayerCharacter/AnimSequences/Vault.uasset" 257
"C:/Users/Caryn/OneDrive - Ulster University/Documents/GitHub/UnlawfulGoodPrototyping/UnlawfulGoodUnreal/Content/Blueprints/PlayerCharacter/AnimSequences/Vault.uexp" 258
"C:/Users/Caryn/OneDrive - Ulster University/Documents/GitHub/UnlawfulGoodPrototyping/UnlawfulGoodUnreal/Content/Sprites/PlayerCharacter/FinalSprites/PrisonerSprites_Sprite_4.uasset" 259
"C:/Users/Caryn/OneDrive - Ulster University/Documents/GitHub/UnlawfulGoodPrototyping/UnlawfulGoodUnreal/Content/Sprites/PlayerCharacter/FinalSprites/PrisonerSprites_Sprite_4.uexp" 260
"C:/Users/Caryn/OneDrive - Ulster University/Documents/GitHub/UnlawfulGoodPrototyping/UnlawfulGoodUnreal/Content/Sprites/PlayerCharacter/FinalSprites/PrisonerSprites_Sprite_5.uasset" 261
"C:/Users/Caryn/OneDrive - Ulster University/Documents/GitHub/UnlawfulGoodPrototyping/UnlawfulGoodUnreal/Content/Sprites/PlayerCharacter/FinalSprites/PrisonerSprites_Sprite_5.uexp" 262
"C:/Users/Caryn/OneDrive - Ulster University/Documents/GitHub/UnlawfulGoodPrototyping/UnlawfulGoodUnreal/Content/Sprites/PlayerCharacter/FinalSprites/PrisonerSprites_Sprite_6.uasset" 263
"C:/Users/Caryn/OneDrive - Ulster University/Documents/GitHub/UnlawfulGoodPrototyping/UnlawfulGoodUnreal/Content/Sprites/PlayerCharacter/FinalSprites/PrisonerSprites_Sprite_6.uexp" 264
"C:/Users/Caryn/OneDrive - Ulster University/Documents/GitHub/UnlawfulGoodPrototyping/UnlawfulGoodUnreal/Content/Sprites/PlayerCharacter/FinalSprites/PrisonerSprites_Sprite_7_Fixed.uasset" 265
"C:/Users/Caryn/OneDrive - Ulster University/Documents/GitHub/UnlawfulGoodPrototyping/UnlawfulGoodUnreal/Content/Sprites/PlayerCharacter/FinalSprites/PrisonerSprites_Sprite_7_Fixed.uexp" 266
"C:/Users/Caryn/OneDrive - Ulster University/Documents/GitHub/UnlawfulGoodPrototyping/UnlawfulGoodUnreal/Content/Sprites/PlayerCharacter/FinalSprites/PrisonerSprites_Sprite_7.uasset" 267
"C:/Users/Caryn/OneDrive - Ulster University/Documents/GitHub/UnlawfulGoodPrototyping/UnlawfulGoodUnreal/Content/Sprites/PlayerCharacter/FinalSprites/PrisonerSprites_Sprite_7.uexp" 268
"C:/Users/Caryn/OneDrive - Ulster University/Documents/GitHub/UnlawfulGoodPrototyping/UnlawfulGoodUnreal/Content/Sprites/PlayerCharacter/Flipbooks/FB_PrisRun.uasset" 269
"C:/Users/Caryn/OneDrive - Ulster University/Documents/GitHub/UnlawfulGoodPrototyping/UnlawfulGoodUnreal/Content/Sprites/PlayerCharacter/Flipbooks/FB_PrisRun.uexp" 270
"C:/Users/Caryn/OneDrive - Ulster University/Documents/GitHub/UnlawfulGoodPrototyping/UnlawfulGoodUnreal/Content/Blueprints/PlayerCharacter/AnimSequences/Run.uasset" 271
"C:/Users/Caryn/OneDrive - Ulster University/Documents/GitHub/UnlawfulGoodPrototyping/UnlawfulGoodUnreal/Content/Blueprints/PlayerCharacter/AnimSequences/Run.uexp" 272
"C:/Users/Caryn/OneDrive - Ulster University/Documents/GitHub/UnlawfulGoodPrototyping/UnlawfulGoodUnreal/Content/Sprites/PlayerCharacter/FinalSprites/prisonerSprites_Perch_.uasset" 273
"C:/Users/Caryn/OneDrive - Ulster University/Documents/GitHub/UnlawfulGoodPrototyping/UnlawfulGoodUnreal/Content/Sprites/PlayerCharacter/FinalSprites/prisonerSprites_Perch_.uexp" 274
"C:/Users/Caryn/OneDrive - Ulster University/Documents/GitHub/UnlawfulGoodPrototyping/UnlawfulGoodUnreal/Content/Sprites/PlayerCharacter/FinalSprites/PrisonerSprites_Sprite_32.uasset" 275
"C:/Users/Caryn/OneDrive - Ulster University/Documents/GitHub/UnlawfulGoodPrototyping/UnlawfulGoodUnreal/Content/Sprites/PlayerCharacter/FinalSprites/PrisonerSprites_Sprite_32.uexp" 276
"C:/Users/Caryn/OneDrive - Ulster University/Documents/GitHub/UnlawfulGoodPrototyping/UnlawfulGoodUnreal/Content/Sprites/PlayerCharacter/FinalSprites/PrisonerSprites_Sprite_33.uasset" 277
"C:/Users/Caryn/OneDrive - Ulster University/Documents/GitHub/UnlawfulGoodPrototyping/UnlawfulGoodUnreal/Content/Sprites/PlayerCharacter/FinalSprites/PrisonerSprites_Sprite_33.uexp" 278
"C:/Users/Caryn/OneDrive - Ulster University/Documents/GitHub/UnlawfulGoodPrototyping/UnlawfulGoodUnreal/Content/Sprites/PlayerCharacter/FinalSprites/PrisonerSprites_Sprite_34.uasset" 279
"C:/Users/Caryn/OneDrive - Ulster University/Documents/GitHub/UnlawfulGoodPrototyping/UnlawfulGoodUnreal/Content/Sprites/PlayerCharacter/FinalSprites/PrisonerSprites_Sprite_34.uexp" 280
"C:/Users/Caryn/OneDrive - Ulster University/Documents/GitHub/UnlawfulGoodPrototyping/UnlawfulGoodUnreal/Content/Sprites/PlayerCharacter/Flipbooks/FB_PrisPerch.uasset" 281
"C:/Users/Caryn/OneDrive - Ulster University/Documents/GitHub/UnlawfulGoodPrototyping/UnlawfulGoodUnreal/Content/Sprites/PlayerCharacter/Flipbooks/FB_PrisPerch.uexp" 282
"C:/Users/Caryn/OneDrive - Ulster University/Documents/GitHub/UnlawfulGoodPrototyping/UnlawfulGoodUnreal/Content/Blueprints/PlayerCharacter/AnimSequences/Perch.uasset" 283
"C:/Users/Caryn/OneDrive - Ulster University/Documents/GitHub/UnlawfulGoodPrototyping/UnlawfulGoodUnreal/Content/Blueprints/PlayerCharacter/AnimSequences/Perch.uexp" 284
"C:/Users/Caryn/OneDrive - Ulster University/Documents/GitHub/UnlawfulGoodPrototyping/UnlawfulGoodUnreal/Content/Sprites/PlayerCharacter/FinalSprites/prisonerSprites_Leap_.uasset" 285
"C:/Users/Caryn/OneDrive - Ulster University/Documents/GitHub/UnlawfulGoodPrototyping/UnlawfulGoodUnreal/Content/Sprites/PlayerCharacter/FinalSprites/prisonerSprites_Leap_.uexp" 286
"C:/Users/Caryn/OneDrive - Ulster University/Documents/GitHub/UnlawfulGoodPrototyping/UnlawfulGoodUnreal/Content/Sprites/PlayerCharacter/FinalSprites/PrisonerSprites_Sprite_35.uasset" 287
"C:/Users/Caryn/OneDrive - Ulster University/Documents/GitHub/UnlawfulGoodPrototyping/UnlawfulGoodUnreal/Content/Sprites/PlayerCharacter/FinalSprites/PrisonerSprites_Sprite_35.uexp" 288
"C:/Users/Caryn/OneDrive - Ulster University/Documents/GitHub/UnlawfulGoodPrototyping/UnlawfulGoodUnreal/Content/Sprites/PlayerCharacter/FinalSprites/PrisonerSprites_Sprite_36.uasset" 289
"C:/Users/Caryn/OneDrive - Ulster University/Documents/GitHub/UnlawfulGoodPrototyping/UnlawfulGoodUnreal/Content/Sprites/PlayerCharacter/FinalSprites/PrisonerSprites_Sprite_36.uexp" 290
"C:/Users/Caryn/OneDrive - Ulster University/Documents/GitHub/UnlawfulGoodPrototyping/UnlawfulGoodUnreal/Content/Sprites/PlayerCharacter/FinalSprites/PrisonerSprites_Sprite_37.uasset" 291
"C:/Users/Caryn/OneDrive - Ulster University/Documents/GitHub/UnlawfulGoodPrototyping/UnlawfulGoodUnreal/Content/Sprites/PlayerCharacter/FinalSprites/PrisonerSprites_Sprite_37.uexp" 292
"C:/Users/Caryn/OneDrive - Ulster University/Documents/GitHub/UnlawfulGoodPrototyping/UnlawfulGoodUnreal/Content/Sprites/PlayerCharacter/Flipbooks/FB_PrisLeap.uasset" 293
"C:/Users/Caryn/OneDrive - Ulster University/Documents/GitHub/UnlawfulGoodPrototyping/UnlawfulGoodUnreal/Content/Sprites/PlayerCharacter/Flipbooks/FB_PrisLeap.uexp" 294
"C:/Users/Caryn/OneDrive - Ulster University/Documents/GitHub/UnlawfulGoodPrototyping/UnlawfulGoodUnreal/Content/Blueprints/PlayerCharacter/AnimSequences/Leap.uasset" 295
"C:/Users/Caryn/OneDrive - Ulster University/Documents/GitHub/UnlawfulGoodPrototyping/UnlawfulGoodUnreal/Content/Blueprints/PlayerCharacter/AnimSequences/Leap.uexp" 296
"C:/Users/Caryn/OneDrive - Ulster University/Documents/GitHub/UnlawfulGoodPrototyping/UnlawfulGoodUnreal/Content/Sprites/PlayerCharacter/FinalSprites/PrisonerSprites_Sprite_8.uasset" 297
"C:/Users/Caryn/OneDrive - Ulster University/Documents/GitHub/UnlawfulGoodPrototyping/UnlawfulGoodUnreal/Content/Sprites/PlayerCharacter/FinalSprites/PrisonerSprites_Sprite_8.uexp" 298
"C:/Users/Caryn/OneDrive - Ulster University/Documents/GitHub/UnlawfulGoodPrototyping/UnlawfulGoodUnreal/Content/Sprites/PlayerCharacter/FinalSprites/PrisonerSprites_Sprite_9.uasset" 299
"C:/Users/Caryn/OneDrive - Ulster University/Documents/GitHub/UnlawfulGoodPrototyping/UnlawfulGoodUnreal/Content/Sprites/PlayerCharacter/FinalSprites/PrisonerSprites_Sprite_9.uexp" 300
"C:/Users/Caryn/OneDrive - Ulster University/Documents/GitHub/UnlawfulGoodPrototyping/UnlawfulGoodUnreal/Content/Sprites/PlayerCharacter/FinalSprites/PrisonerSprites_Sprite_10.uasset" 301
"C:/Users/Caryn/OneDrive - Ulster University/Documents/GitHub/UnlawfulGoodPrototyping/UnlawfulGoodUnreal/Content/Sprites/PlayerCharacter/FinalSprites/PrisonerSprites_Sprite_10.uexp" 302
"C:/Users/Caryn/OneDrive - Ulster University/Documents/GitHub/UnlawfulGoodPrototyping/UnlawfulGoodUnreal/Content/Sprites/PlayerCharacter/FinalSprites/PrisonerSprites_Sprite_11.uasset" 303
"C:/Users/Caryn/OneDrive - Ulster University/Documents/GitHub/UnlawfulGoodPrototyping/UnlawfulGoodUnreal/Content/Sprites/PlayerCharacter/FinalSprites/PrisonerSprites_Sprite_11.uexp" 304
"C:/Users/Caryn/OneDrive - Ulster University/Documents/GitHub/UnlawfulGoodPrototyping/UnlawfulGoodUnreal/Content/Sprites/PlayerCharacter/Flipbooks/FB_PrisJump.uasset" 305
"C:/Users/Caryn/OneDrive - Ulster University/Documents/GitHub/UnlawfulGoodPrototyping/UnlawfulGoodUnreal/Content/Sprites/PlayerCharacter/Flipbooks/FB_PrisJump.uexp" 306
"C:/Users/Caryn/OneDrive - Ulster University/Documents/GitHub/UnlawfulGoodPrototyping/UnlawfulGoodUnreal/Content/Blueprints/PlayerCharacter/AnimSequences/Jump.uasset" 307
"C:/Users/Caryn/OneDrive - Ulster University/Documents/GitHub/UnlawfulGoodPrototyping/UnlawfulGoodUnreal/Content/Blueprints/PlayerCharacter/AnimSequences/Jump.uexp" 308
"C:/Users/Caryn/OneDrive - Ulster University/Documents/GitHub/UnlawfulGoodPrototyping/UnlawfulGoodUnreal/Content/Sprites/PlayerCharacter/FinalSprites/PrisonerSprites_Sprite_0.uasset" 309
"C:/Users/Caryn/OneDrive - Ulster University/Documents/GitHub/UnlawfulGoodPrototyping/UnlawfulGoodUnreal/Content/Sprites/PlayerCharacter/FinalSprites/PrisonerSprites_Sprite_0.uexp" 310
"C:/Users/Caryn/OneDrive - Ulster University/Documents/GitHub/UnlawfulGoodPrototyping/UnlawfulGoodUnreal/Content/Sprites/PlayerCharacter/Flipbooks/FB_PrisIdle.uasset" 311
"C:/Users/Caryn/OneDrive - Ulster University/Documents/GitHub/UnlawfulGoodPrototyping/UnlawfulGoodUnreal/Content/Sprites/PlayerCharacter/Flipbooks/FB_PrisIdle.uexp" 312
"C:/Users/Caryn/OneDrive - Ulster University/Documents/GitHub/UnlawfulGoodPrototyping/UnlawfulGoodUnreal/Content/Blueprints/PlayerCharacter/AnimSequences/Idle.uasset" 313
"C:/Users/Caryn/OneDrive - Ulster University/Documents/GitHub/UnlawfulGoodPrototyping/UnlawfulGoodUnreal/Content/Blueprints/PlayerCharacter/AnimSequences/Idle.uexp" 314
"C:/Users/Caryn/OneDrive - Ulster University/Documents/GitHub/UnlawfulGoodPrototyping/UnlawfulGoodUnreal/Content/Sprites/PlayerCharacter/FinalSprites/PrisonerSprites_Sprite_20.uasset" 315
"C:/Users/Caryn/OneDrive - Ulster University/Documents/GitHub/UnlawfulGoodPrototyping/UnlawfulGoodUnreal/Content/Sprites/PlayerCharacter/FinalSprites/PrisonerSprites_Sprite_20.uexp" 316
"C:/Users/Caryn/OneDrive - Ulster University/Documents/GitHub/UnlawfulGoodPrototyping/UnlawfulGoodUnreal/Content/Sprites/PlayerCharacter/FinalSprites/PrisonerSprites_Sprite_21.uasset" 317
"C:/Users/Caryn/OneDrive - Ulster University/Documents/GitHub/UnlawfulGoodPrototyping/UnlawfulGoodUnreal/Content/Sprites/PlayerCharacter/FinalSprites/PrisonerSprites_Sprite_21.uexp" 318
"C:/Users/Caryn/OneDrive - Ulster University/Documents/GitHub/UnlawfulGoodPrototyping/UnlawfulGoodUnreal/Content/Sprites/PlayerCharacter/FinalSprites/PrisonerSprites_Sprite_22.uasset" 319
"C:/Users/Caryn/OneDrive - Ulster University/Documents/GitHub/UnlawfulGoodPrototyping/UnlawfulGoodUnreal/Content/Sprites/PlayerCharacter/FinalSprites/PrisonerSprites_Sprite_22.uexp" 320
"C:/Users/Caryn/OneDrive - Ulster University/Documents/GitHub/UnlawfulGoodPrototyping/UnlawfulGoodUnreal/Content/Sprites/PlayerCharacter/Flipbooks/FB_PrisHurt.uasset" 321
"C:/Users/Caryn/OneDrive - Ulster University/Documents/GitHub/UnlawfulGoodPrototyping/UnlawfulGoodUnreal/Content/Sprites/PlayerCharacter/Flipbooks/FB_PrisHurt.uexp" 322
"C:/Users/Caryn/OneDrive - Ulster University/Documents/GitHub/UnlawfulGoodPrototyping/UnlawfulGoodUnreal/Content/Blueprints/PlayerCharacter/AnimSequences/Hurt.uasset" 323
"C:/Users/Caryn/OneDrive - Ulster University/Documents/GitHub/UnlawfulGoodPrototyping/UnlawfulGoodUnreal/Content/Blueprints/PlayerCharacter/AnimSequences/Hurt.uexp" 324
"C:/Users/Caryn/OneDrive - Ulster University/Documents/GitHub/UnlawfulGoodPrototyping/UnlawfulGoodUnreal/Content/Sprites/PlayerCharacter/Flipbooks/FB_PrisFalling.uasset" 325
"C:/Users/Caryn/OneDrive - Ulster University/Documents/GitHub/UnlawfulGoodPrototyping/UnlawfulGoodUnreal/Content/Sprites/PlayerCharacter/Flipbooks/FB_PrisFalling.uexp" 326
"C:/Users/Caryn/OneDrive - Ulster University/Documents/GitHub/UnlawfulGoodPrototyping/UnlawfulGoodUnreal/Content/Blueprints/PlayerCharacter/AnimSequences/Fall.uasset" 327
"C:/Users/Caryn/OneDrive - Ulster University/Documents/GitHub/UnlawfulGoodPrototyping/UnlawfulGoodUnreal/Content/Blueprints/PlayerCharacter/AnimSequences/Fall.uexp" 328
"C:/Users/Caryn/OneDrive - Ulster University/Documents/GitHub/UnlawfulGoodPrototyping/UnlawfulGoodUnreal/Content/Sprites/PlayerCharacter/FinalSprites/PrisonerSprites_Sprite_24.uasset" 329
"C:/Users/Caryn/OneDrive - Ulster University/Documents/GitHub/UnlawfulGoodPrototyping/UnlawfulGoodUnreal/Content/Sprites/PlayerCharacter/FinalSprites/PrisonerSprites_Sprite_24.uexp" 330
"C:/Users/Caryn/OneDrive - Ulster University/Documents/GitHub/UnlawfulGoodPrototyping/UnlawfulGoodUnreal/Content/Sprites/PlayerCharacter/FinalSprites/PrisonerSprites_Sprite_25.uasset" 331
"C:/Users/Caryn/OneDrive - Ulster University/Documents/GitHub/UnlawfulGoodPrototyping/UnlawfulGoodUnreal/Content/Sprites/PlayerCharacter/FinalSprites/PrisonerSprites_Sprite_25.uexp" 332
"C:/Users/Caryn/OneDrive - Ulster University/Documents/GitHub/UnlawfulGoodPrototyping/UnlawfulGoodUnreal/Content/Sprites/PlayerCharacter/FinalSprites/PrisonerSprites_Sprite_26.uasset" 333
"C:/Users/Caryn/OneDrive - Ulster University/Documents/GitHub/UnlawfulGoodPrototyping/UnlawfulGoodUnreal/Content/Sprites/PlayerCharacter/FinalSprites/PrisonerSprites_Sprite_26.uexp" 334
"C:/Users/Caryn/OneDrive - Ulster University/Documents/GitHub/UnlawfulGoodPrototyping/UnlawfulGoodUnreal/Content/Sprites/PlayerCharacter/FinalSprites/PrisonerSprites_Sprite_27.uasset" 335
"C:/Users/Caryn/OneDrive - Ulster University/Documents/GitHub/UnlawfulGoodPrototyping/UnlawfulGoodUnreal/Content/Sprites/PlayerCharacter/FinalSprites/PrisonerSprites_Sprite_27.uexp" 336
"C:/Users/Caryn/OneDrive - Ulster University/Documents/GitHub/UnlawfulGoodPrototyping/UnlawfulGoodUnreal/Content/Sprites/PlayerCharacter/Flipbooks/FB_PrisDead.uasset" 337
"C:/Users/Caryn/OneDrive - Ulster University/Documents/GitHub/UnlawfulGoodPrototyping/UnlawfulGoodUnreal/Content/Sprites/PlayerCharacter/Flipbooks/FB_PrisDead.uexp" 338
"C:/Users/Caryn/OneDrive - Ulster University/Documents/GitHub/UnlawfulGoodPrototyping/UnlawfulGoodUnreal/Content/Blueprints/PlayerCharacter/AnimSequences/Dead.uasset" 339
"C:/Users/Caryn/OneDrive - Ulster University/Documents/GitHub/UnlawfulGoodPrototyping/UnlawfulGoodUnreal/Content/Blueprints/PlayerCharacter/AnimSequences/Dead.uexp" 340
"C:/Users/Caryn/OneDrive - Ulster University/Documents/GitHub/UnlawfulGoodPrototyping/UnlawfulGoodUnreal/Content/Blueprints/PlayerCharacter/ABP_PlayerChar.uasset" 341
"C:/Users/Caryn/OneDrive - Ulster University/Documents/GitHub/UnlawfulGoodPrototyping/UnlawfulGoodUnreal/Content/Blueprints/PlayerCharacter/ABP_PlayerChar.uexp" 342
"C:/Users/Caryn/OneDrive - Ulster University/Documents/GitHub/UnlawfulGoodPrototyping/UnlawfulGoodUnreal/Content/Blueprints/Inputs/IA_Pause.uasset" 343
"C:/Users/Caryn/OneDrive - Ulster University/Documents/GitHub/UnlawfulGoodPrototyping/UnlawfulGoodUnreal/Content/Blueprints/Inputs/IA_Pause.uexp" 344
"C:/Users/Caryn/OneDrive - Ulster University/Documents/GitHub/UnlawfulGoodPrototyping/UnlawfulGoodUnreal/Content/Blueprints/Inputs/IA_Move.uasset" 345
"C:/Users/Caryn/OneDrive - Ulster University/Documents/GitHub/UnlawfulGoodPrototyping/UnlawfulGoodUnreal/Content/Blueprints/Inputs/IA_Move.uexp" 346
"C:/Users/Caryn/OneDrive - Ulster University/Documents/GitHub/UnlawfulGoodPrototyping/UnlawfulGoodUnreal/Content/Blueprints/Inputs/IA_Jump.uasset" 347
"C:/Users/Caryn/OneDrive - Ulster University/Documents/GitHub/UnlawfulGoodPrototyping/UnlawfulGoodUnreal/Content/Blueprints/Inputs/IA_Jump.uexp" 348
"C:/Users/Caryn/OneDrive - Ulster University/Documents/GitHub/UnlawfulGoodPrototyping/UnlawfulGoodUnreal/Content/Blueprints/Inputs/IA_StaffJump.uasset" 349
"C:/Users/Caryn/OneDrive - Ulster University/Documents/GitHub/UnlawfulGoodPrototyping/UnlawfulGoodUnreal/Content/Blueprints/Inputs/IA_StaffJump.uexp" 350
"C:/Users/Caryn/OneDrive - Ulster University/Documents/GitHub/UnlawfulGoodPrototyping/UnlawfulGoodUnreal/Content/Blueprints/Inputs/IA_Attack.uasset" 351
"C:/Users/Caryn/OneDrive - Ulster University/Documents/GitHub/UnlawfulGoodPrototyping/UnlawfulGoodUnreal/Content/Blueprints/Inputs/IA_Attack.uexp" 352
"C:/Users/Caryn/OneDrive - Ulster University/Documents/GitHub/UnlawfulGoodPrototyping/UnlawfulGoodUnreal/Content/Blueprints/Inputs/IMC_PlayerChar.uasset" 353
"C:/Users/Caryn/OneDrive - Ulster University/Documents/GitHub/UnlawfulGoodPrototyping/UnlawfulGoodUnreal/Content/Blueprints/Inputs/IMC_PlayerChar.uexp" 354
"C:/Users/Caryn/OneDrive - Ulster University/Documents/GitHub/UnlawfulGoodPrototyping/UnlawfulGoodUnreal/Content/Blueprints/PlayerCharacter/ABP_Attack3.uasset" 355
"C:/Users/Caryn/OneDrive - Ulster University/Documents/GitHub/UnlawfulGoodPrototyping/UnlawfulGoodUnreal/Content/Blueprints/PlayerCharacter/ABP_Attack3.uexp" 356
"C:/Users/Caryn/OneDrive - Ulster University/Documents/GitHub/UnlawfulGoodPrototyping/UnlawfulGoodUnreal/Content/Sprites/PlayerCharacter/FinalSprites/attack3-6.uasset" 357
"C:/Users/Caryn/OneDrive - Ulster University/Documents/GitHub/UnlawfulGoodPrototyping/UnlawfulGoodUnreal/Content/Sprites/PlayerCharacter/FinalSprites/attack3-6.uexp" 358
"C:/Users/Caryn/OneDrive - Ulster University/Documents/GitHub/UnlawfulGoodPrototyping/UnlawfulGoodUnreal/Content/Sprites/PlayerCharacter/FinalSprites/attack3-6_Sprite.uasset" 359
"C:/Users/Caryn/OneDrive - Ulster University/Documents/GitHub/UnlawfulGoodPrototyping/UnlawfulGoodUnreal/Content/Sprites/PlayerCharacter/FinalSprites/attack3-6_Sprite.uexp" 360
"C:/Users/Caryn/OneDrive - Ulster University/Documents/GitHub/UnlawfulGoodPrototyping/UnlawfulGoodUnreal/Content/Sprites/PlayerCharacter/FinalSprites/attack3-5.uasset" 361
"C:/Users/Caryn/OneDrive - Ulster University/Documents/GitHub/UnlawfulGoodPrototyping/UnlawfulGoodUnreal/Content/Sprites/PlayerCharacter/FinalSprites/attack3-5.uexp" 362
"C:/Users/Caryn/OneDrive - Ulster University/Documents/GitHub/UnlawfulGoodPrototyping/UnlawfulGoodUnreal/Content/Sprites/PlayerCharacter/FinalSprites/attack3-5_Sprite.uasset" 363
"C:/Users/Caryn/OneDrive - Ulster University/Documents/GitHub/UnlawfulGoodPrototyping/UnlawfulGoodUnreal/Content/Sprites/PlayerCharacter/FinalSprites/attack3-5_Sprite.uexp" 364
"C:/Users/Caryn/OneDrive - Ulster University/Documents/GitHub/UnlawfulGoodPrototyping/UnlawfulGoodUnreal/Content/Sprites/PlayerCharacter/FinalSprites/attack3-4.uasset" 365
"C:/Users/Caryn/OneDrive - Ulster University/Documents/GitHub/UnlawfulGoodPrototyping/UnlawfulGoodUnreal/Content/Sprites/PlayerCharacter/FinalSprites/attack3-4.uexp" 366
"C:/Users/Caryn/OneDrive - Ulster University/Documents/GitHub/UnlawfulGoodPrototyping/UnlawfulGoodUnreal/Content/Sprites/PlayerCharacter/FinalSprites/attack3-4_Sprite.uasset" 367
"C:/Users/Caryn/OneDrive - Ulster University/Documents/GitHub/UnlawfulGoodPrototyping/UnlawfulGoodUnreal/Content/Sprites/PlayerCharacter/FinalSprites/attack3-4_Sprite.uexp" 368
"C:/Users/Caryn/OneDrive - Ulster University/Documents/GitHub/UnlawfulGoodPrototyping/UnlawfulGoodUnreal/Content/Sprites/PlayerCharacter/FinalSprites/attack3-3.uasset" 369
"C:/Users/Caryn/OneDrive - Ulster University/Documents/GitHub/UnlawfulGoodPrototyping/UnlawfulGoodUnreal/Content/Sprites/PlayerCharacter/FinalSprites/attack3-3.uexp" 370
"C:/Users/Caryn/OneDrive - Ulster University/Documents/GitHub/UnlawfulGoodPrototyping/UnlawfulGoodUnreal/Content/Sprites/PlayerCharacter/FinalSprites/attack3-3_Sprite.uasset" 371
"C:/Users/Caryn/OneDrive - Ulster University/Documents/GitHub/UnlawfulGoodPrototyping/UnlawfulGoodUnreal/Content/Sprites/PlayerCharacter/FinalSprites/attack3-3_Sprite.uexp" 372
"C:/Users/Caryn/OneDrive - Ulster University/Documents/GitHub/UnlawfulGoodPrototyping/UnlawfulGoodUnreal/Content/Sprites/PlayerCharacter/FinalSprites/attack3-2.uasset" 373
"C:/Users/Caryn/OneDrive - Ulster University/Documents/GitHub/UnlawfulGoodPrototyping/UnlawfulGoodUnreal/Content/Sprites/PlayerCharacter/FinalSprites/attack3-2.uexp" 374
"C:/Users/Caryn/OneDrive - Ulster University/Documents/GitHub/UnlawfulGoodPrototyping/UnlawfulGoodUnreal/Content/Sprites/PlayerCharacter/FinalSprites/attack3-2_Sprite.uasset" 375
"C:/Users/Caryn/OneDrive - Ulster University/Documents/GitHub/UnlawfulGoodPrototyping/UnlawfulGoodUnreal/Content/Sprites/PlayerCharacter/FinalSprites/attack3-2_Sprite.uexp" 376
"C:/Users/Caryn/OneDrive - Ulster University/Documents/GitHub/UnlawfulGoodPrototyping/UnlawfulGoodUnreal/Content/Sprites/PlayerCharacter/FinalSprites/attack3-1.uasset" 377
"C:/Users/Caryn/OneDrive - Ulster University/Documents/GitHub/UnlawfulGoodPrototyping/UnlawfulGoodUnreal/Content/Sprites/PlayerCharacter/FinalSprites/attack3-1.uexp" 378
"C:/Users/Caryn/OneDrive - Ulster University/Documents/GitHub/UnlawfulGoodPrototyping/UnlawfulGoodUnreal/Content/Sprites/PlayerCharacter/FinalSprites/attack3-1_Sprite.uasset" 379
"C:/Users/Caryn/OneDrive - Ulster University/Documents/GitHub/UnlawfulGoodPrototyping/UnlawfulGoodUnreal/Content/Sprites/PlayerCharacter/FinalSprites/attack3-1_Sprite.uexp" 380
"C:/Users/Caryn/OneDrive - Ulster University/Documents/GitHub/UnlawfulGoodPrototyping/UnlawfulGoodUnreal/Content/Sprites/PlayerCharacter/Flipbooks/FB_PrisAttack3.uasset" 381
"C:/Users/Caryn/OneDrive - Ulster University/Documents/GitHub/UnlawfulGoodPrototyping/UnlawfulGoodUnreal/Content/Sprites/PlayerCharacter/Flipbooks/FB_PrisAttack3.uexp" 382
"C:/Users/Caryn/OneDrive - Ulster University/Documents/GitHub/UnlawfulGoodPrototyping/UnlawfulGoodUnreal/Content/Blueprints/PlayerCharacter/AnimSequences/Attack3.uasset" 383
"C:/Users/Caryn/OneDrive - Ulster University/Documents/GitHub/UnlawfulGoodPrototyping/UnlawfulGoodUnreal/Content/Blueprints/PlayerCharacter/AnimSequences/Attack3.uexp" 384
"C:/Users/Caryn/OneDrive - Ulster University/Documents/GitHub/UnlawfulGoodPrototyping/UnlawfulGoodUnreal/Content/Blueprints/PlayerCharacter/ABP_Attack2.uasset" 385
"C:/Users/Caryn/OneDrive - Ulster University/Documents/GitHub/UnlawfulGoodPrototyping/UnlawfulGoodUnreal/Content/Blueprints/PlayerCharacter/ABP_Attack2.uexp" 386
"C:/Users/Caryn/OneDrive - Ulster University/Documents/GitHub/UnlawfulGoodPrototyping/UnlawfulGoodUnreal/Content/Sprites/PlayerCharacter/FinalSprites/PrisonerSprites_Sprite_16.uasset" 387
"C:/Users/Caryn/OneDrive - Ulster University/Documents/GitHub/UnlawfulGoodPrototyping/UnlawfulGoodUnreal/Content/Sprites/PlayerCharacter/FinalSprites/PrisonerSprites_Sprite_16.uexp" 388
"C:/Users/Caryn/OneDrive - Ulster University/Documents/GitHub/UnlawfulGoodPrototyping/UnlawfulGoodUnreal/Content/Sprites/PlayerCharacter/FinalSprites/PrisonerSprites_Sprite_17.uasset" 389
"C:/Users/Caryn/OneDrive - Ulster University/Documents/GitHub/UnlawfulGoodPrototyping/UnlawfulGoodUnreal/Content/Sprites/PlayerCharacter/FinalSprites/PrisonerSprites_Sprite_17.uexp" 390
"C:/Users/Caryn/OneDrive - Ulster University/Documents/GitHub/UnlawfulGoodPrototyping/UnlawfulGoodUnreal/Content/Sprites/PlayerCharacter/FinalSprites/PrisonerSprites_Sprite_18.uasset" 391
"C:/Users/Caryn/OneDrive - Ulster University/Documents/GitHub/UnlawfulGoodPrototyping/UnlawfulGoodUnreal/Content/Sprites/PlayerCharacter/FinalSprites/PrisonerSprites_Sprite_18.uexp" 392
"C:/Users/Caryn/OneDrive - Ulster University/Documents/GitHub/UnlawfulGoodPrototyping/UnlawfulGoodUnreal/Content/Sprites/PlayerCharacter/FinalSprites/PrisonerSprites_Sprite_19.uasset" 393
"C:/Users/Caryn/OneDrive - Ulster University/Documents/GitHub/UnlawfulGoodPrototyping/UnlawfulGoodUnreal/Content/Sprites/PlayerCharacter/FinalSprites/PrisonerSprites_Sprite_19.uexp" 394
"C:/Users/Caryn/OneDrive - Ulster University/Documents/GitHub/UnlawfulGoodPrototyping/UnlawfulGoodUnreal/Content/Sprites/PlayerCharacter/Flipbooks/FB_PrisAttack2.uasset" 395
"C:/Users/Caryn/OneDrive - Ulster University/Documents/GitHub/UnlawfulGoodPrototyping/UnlawfulGoodUnreal/Content/Sprites/PlayerCharacter/Flipbooks/FB_PrisAttack2.uexp" 396
"C:/Users/Caryn/OneDrive - Ulster University/Documents/GitHub/UnlawfulGoodPrototyping/UnlawfulGoodUnreal/Content/Blueprints/PlayerCharacter/AnimSequences/Attack2.uasset" 397
"C:/Users/Caryn/OneDrive - Ulster University/Documents/GitHub/UnlawfulGoodPrototyping/UnlawfulGoodUnreal/Content/Blueprints/PlayerCharacter/AnimSequences/Attack2.uexp" 398
"C:/Users/Caryn/OneDrive - Ulster University/Documents/GitHub/UnlawfulGoodPrototyping/UnlawfulGoodUnreal/Content/Blueprints/PlayerCharacter/ABP_Attack1.uasset" 399
"C:/Users/Caryn/OneDrive - Ulster University/Documents/GitHub/UnlawfulGoodPrototyping/UnlawfulGoodUnreal/Content/Blueprints/PlayerCharacter/ABP_Attack1.uexp" 400
"C:/Users/Caryn/OneDrive - Ulster University/Documents/GitHub/UnlawfulGoodPrototyping/UnlawfulGoodUnreal/Content/Sprites/PlayerCharacter/FinalSprites/PrisonerSprites_Sprite_12.uasset" 401
"C:/Users/Caryn/OneDrive - Ulster University/Documents/GitHub/UnlawfulGoodPrototyping/UnlawfulGoodUnreal/Content/Sprites/PlayerCharacter/FinalSprites/PrisonerSprites_Sprite_12.uexp" 402
"C:/Users/Caryn/OneDrive - Ulster University/Documents/GitHub/UnlawfulGoodPrototyping/UnlawfulGoodUnreal/Content/Sprites/PlayerCharacter/FinalSprites/PrisonerSprites_Sprite_13.uasset" 403
"C:/Users/Caryn/OneDrive - Ulster University/Documents/GitHub/UnlawfulGoodPrototyping/UnlawfulGoodUnreal/Content/Sprites/PlayerCharacter/FinalSprites/PrisonerSprites_Sprite_13.uexp" 404
"C:/Users/Caryn/OneDrive - Ulster University/Documents/GitHub/UnlawfulGoodPrototyping/UnlawfulGoodUnreal/Content/Sprites/PlayerCharacter/FinalSprites/PrisonerSprites_Sprite_14.uasset" 405
"C:/Users/Caryn/OneDrive - Ulster University/Documents/GitHub/UnlawfulGoodPrototyping/UnlawfulGoodUnreal/Content/Sprites/PlayerCharacter/FinalSprites/PrisonerSprites_Sprite_14.uexp" 406
"C:/Users/Caryn/OneDrive - Ulster University/Documents/GitHub/UnlawfulGoodPrototyping/UnlawfulGoodUnreal/Content/Sprites/PlayerCharacter/Flipbooks/FB_PrisAttack1.uasset" 407
"C:/Users/Caryn/OneDrive - Ulster University/Documents/GitHub/UnlawfulGoodPrototyping/UnlawfulGoodUnreal/Content/Sprites/PlayerCharacter/Flipbooks/FB_PrisAttack1.uexp" 408
"C:/Users/Caryn/OneDrive - Ulster University/Documents/GitHub/UnlawfulGoodPrototyping/UnlawfulGoodUnreal/Content/Blueprints/PlayerCharacter/AnimSequences/Attack1.uasset" 409
"C:/Users/Caryn/OneDrive - Ulster University/Documents/GitHub/UnlawfulGoodPrototyping/UnlawfulGoodUnreal/Content/Blueprints/PlayerCharacter/AnimSequences/Attack1.uexp" 410
"C:/Users/Caryn/OneDrive - Ulster University/Documents/GitHub/UnlawfulGoodPrototyping/UnlawfulGoodUnreal/Content/Sprites/Effects/brackeys_vfx_bundle/predrawn/PlayerHit/big_hit_6x5.uasset" 411
"C:/Users/Caryn/OneDrive - Ulster University/Documents/GitHub/UnlawfulGoodPrototyping/UnlawfulGoodUnreal/Content/Sprites/Effects/brackeys_vfx_bundle/predrawn/PlayerHit/big_hit_6x5.uexp" 412
"C:/Users/Caryn/OneDrive - Ulster University/Documents/GitHub/UnlawfulGoodPrototyping/UnlawfulGoodUnreal/Content/Sprites/Effects/brackeys_vfx_bundle/predrawn/PlayerHit/big_hit_6x5_Sprite_0.uasset" 413
"C:/Users/Caryn/OneDrive - Ulster University/Documents/GitHub/UnlawfulGoodPrototyping/UnlawfulGoodUnreal/Content/Sprites/Effects/brackeys_vfx_bundle/predrawn/PlayerHit/big_hit_6x5_Sprite_0.uexp" 414
"C:/Users/Caryn/OneDrive - Ulster University/Documents/GitHub/UnlawfulGoodPrototyping/UnlawfulGoodUnreal/Content/Sprites/Effects/brackeys_vfx_bundle/predrawn/PlayerHit/big_hit_6x5_Sprite_1.uasset" 415
"C:/Users/Caryn/OneDrive - Ulster University/Documents/GitHub/UnlawfulGoodPrototyping/UnlawfulGoodUnreal/Content/Sprites/Effects/brackeys_vfx_bundle/predrawn/PlayerHit/big_hit_6x5_Sprite_1.uexp" 416
"C:/Users/Caryn/OneDrive - Ulster University/Documents/GitHub/UnlawfulGoodPrototyping/UnlawfulGoodUnreal/Content/Sprites/Effects/brackeys_vfx_bundle/predrawn/PlayerHit/big_hit_6x5_Sprite_2.uasset" 417
"C:/Users/Caryn/OneDrive - Ulster University/Documents/GitHub/UnlawfulGoodPrototyping/UnlawfulGoodUnreal/Content/Sprites/Effects/brackeys_vfx_bundle/predrawn/PlayerHit/big_hit_6x5_Sprite_2.uexp" 418
"C:/Users/Caryn/OneDrive - Ulster University/Documents/GitHub/UnlawfulGoodPrototyping/UnlawfulGoodUnreal/Content/Sprites/Effects/brackeys_vfx_bundle/predrawn/PlayerHit/big_hit_6x5_Sprite_3.uasset" 419
"C:/Users/Caryn/OneDrive - Ulster University/Documents/GitHub/UnlawfulGoodPrototyping/UnlawfulGoodUnreal/Content/Sprites/Effects/brackeys_vfx_bundle/predrawn/PlayerHit/big_hit_6x5_Sprite_3.uexp" 420
"C:/Users/Caryn/OneDrive - Ulster University/Documents/GitHub/UnlawfulGoodPrototyping/UnlawfulGoodUnreal/Content/Sprites/Effects/brackeys_vfx_bundle/predrawn/PlayerHit/big_hit_6x5_Sprite_4.uasset" 421
"C:/Users/Caryn/OneDrive - Ulster University/Documents/GitHub/UnlawfulGoodPrototyping/UnlawfulGoodUnreal/Content/Sprites/Effects/brackeys_vfx_bundle/predrawn/PlayerHit/big_hit_6x5_Sprite_4.uexp" 422
"C:/Users/Caryn/OneDrive - Ulster University/Documents/GitHub/UnlawfulGoodPrototyping/UnlawfulGoodUnreal/Content/Sprites/Effects/brackeys_vfx_bundle/predrawn/PlayerHit/big_hit_6x5_Sprite_5.uasset" 423
"C:/Users/Caryn/OneDrive - Ulster University/Documents/GitHub/UnlawfulGoodPrototyping/UnlawfulGoodUnreal/Content/Sprites/Effects/brackeys_vfx_bundle/predrawn/PlayerHit/big_hit_6x5_Sprite_5.uexp" 424
"C:/Users/Caryn/OneDrive - Ulster University/Documents/GitHub/UnlawfulGoodPrototyping/UnlawfulGoodUnreal/Content/Sprites/Effects/brackeys_vfx_bundle/predrawn/PlayerHit/big_hit_6x5_Sprite_6.uasset" 425
"C:/Users/Caryn/OneDrive - Ulster University/Documents/GitHub/UnlawfulGoodPrototyping/UnlawfulGoodUnreal/Content/Sprites/Effects/brackeys_vfx_bundle/predrawn/PlayerHit/big_hit_6x5_Sprite_6.uexp" 426
"C:/Users/Caryn/OneDrive - Ulster University/Documents/GitHub/UnlawfulGoodPrototyping/UnlawfulGoodUnreal/Content/Sprites/Effects/brackeys_vfx_bundle/predrawn/PlayerHit/big_hit_6x5_Sprite_7.uasset" 427
"C:/Users/Caryn/OneDrive - Ulster University/Documents/GitHub/UnlawfulGoodPrototyping/UnlawfulGoodUnreal/Content/Sprites/Effects/brackeys_vfx_bundle/predrawn/PlayerHit/big_hit_6x5_Sprite_7.uexp" 428
"C:/Users/Caryn/OneDrive - Ulster University/Documents/GitHub/UnlawfulGoodPrototyping/UnlawfulGoodUnreal/Content/Sprites/Effects/brackeys_vfx_bundle/predrawn/PlayerHit/big_hit_6x5_Sprite_8.uasset" 429
"C:/Users/Caryn/OneDrive - Ulster University/Documents/GitHub/UnlawfulGoodPrototyping/UnlawfulGoodUnreal/Content/Sprites/Effects/brackeys_vfx_bundle/predrawn/PlayerHit/big_hit_6x5_Sprite_8.uexp" 430
"C:/Users/Caryn/OneDrive - Ulster University/Documents/GitHub/UnlawfulGoodPrototyping/UnlawfulGoodUnreal/Content/Sprites/Effects/brackeys_vfx_bundle/predrawn/PlayerHit/big_hit_6x5_Sprite_9.uasset" 431
"C:/Users/Caryn/OneDrive - Ulster University/Documents/GitHub/UnlawfulGoodPrototyping/UnlawfulGoodUnreal/Content/Sprites/Effects/brackeys_vfx_bundle/predrawn/PlayerHit/big_hit_6x5_Sprite_9.uexp" 432
"C:/Users/Caryn/OneDrive - Ulster University/Documents/GitHub/UnlawfulGoodPrototyping/UnlawfulGoodUnreal/Content/Sprites/Effects/brackeys_vfx_bundle/predrawn/PlayerHit/big_hit_6x5_Sprite_10.uasset" 433
"C:/Users/Caryn/OneDrive - Ulster University/Documents/GitHub/UnlawfulGoodPrototyping/UnlawfulGoodUnreal/Content/Sprites/Effects/brackeys_vfx_bundle/predrawn/PlayerHit/big_hit_6x5_Sprite_10.uexp" 434
"C:/Users/Caryn/OneDrive - Ulster University/Documents/GitHub/UnlawfulGoodPrototyping/UnlawfulGoodUnreal/Content/Sprites/Effects/brackeys_vfx_bundle/predrawn/PlayerHit/big_hit_6x5_Sprite_11.uasset" 435
"C:/Users/Caryn/OneDrive - Ulster University/Documents/GitHub/UnlawfulGoodPrototyping/UnlawfulGoodUnreal/Content/Sprites/Effects/brackeys_vfx_bundle/predrawn/PlayerHit/big_hit_6x5_Sprite_11.uexp" 436
"C:/Users/Caryn/OneDrive - Ulster University/Documents/GitHub/UnlawfulGoodPrototyping/UnlawfulGoodUnreal/Content/Sprites/Effects/brackeys_vfx_bundle/predrawn/PlayerHit/FB_PlayerHit.uasset" 437
"C:/Users/Caryn/OneDrive - Ulster University/Documents/GitHub/UnlawfulGoodPrototyping/UnlawfulGoodUnreal/Content/Sprites/Effects/brackeys_vfx_bundle/predrawn/PlayerHit/FB_PlayerHit.uexp" 438
"C:/Users/Caryn/OneDrive - Ulster University/Documents/GitHub/UnlawfulGoodPrototyping/UnlawfulGoodUnreal/Content/Affects/BP_PlayerImpact.uasset" 439
"C:/Users/Caryn/OneDrive - Ulster University/Documents/GitHub/UnlawfulGoodPrototyping/UnlawfulGoodUnreal/Content/Affects/BP_PlayerImpact.uexp" 440
"C:/Users/Caryn/OneDrive - Ulster University/Documents/GitHub/UnlawfulGoodPrototyping/UnlawfulGoodUnreal/Content/Sprites/Effects/brackeys_vfx_bundle/predrawn/JumpImpact/impact_white_6x4.uasset" 441
"C:/Users/Caryn/OneDrive - Ulster University/Documents/GitHub/UnlawfulGoodPrototyping/UnlawfulGoodUnreal/Content/Sprites/Effects/brackeys_vfx_bundle/predrawn/JumpImpact/impact_white_6x4.uexp" 442
"C:/Users/Caryn/OneDrive - Ulster University/Documents/GitHub/UnlawfulGoodPrototyping/UnlawfulGoodUnreal/Content/Sprites/Effects/brackeys_vfx_bundle/predrawn/JumpImpact/impact_white_6x4_Sprite_0.uasset" 443
"C:/Users/Caryn/OneDrive - Ulster University/Documents/GitHub/UnlawfulGoodPrototyping/UnlawfulGoodUnreal/Content/Sprites/Effects/brackeys_vfx_bundle/predrawn/JumpImpact/impact_white_6x4_Sprite_0.uexp" 444
"C:/Users/Caryn/OneDrive - Ulster University/Documents/GitHub/UnlawfulGoodPrototyping/UnlawfulGoodUnreal/Content/Sprites/Effects/brackeys_vfx_bundle/predrawn/JumpImpact/impact_white_6x4_Sprite_1.uasset" 445
"C:/Users/Caryn/OneDrive - Ulster University/Documents/GitHub/UnlawfulGoodPrototyping/UnlawfulGoodUnreal/Content/Sprites/Effects/brackeys_vfx_bundle/predrawn/JumpImpact/impact_white_6x4_Sprite_1.uexp" 446
"C:/Users/Caryn/OneDrive - Ulster University/Documents/GitHub/UnlawfulGoodPrototyping/UnlawfulGoodUnreal/Content/Sprites/Effects/brackeys_vfx_bundle/predrawn/JumpImpact/impact_white_6x4_Sprite_2.uasset" 447
"C:/Users/Caryn/OneDrive - Ulster University/Documents/GitHub/UnlawfulGoodPrototyping/UnlawfulGoodUnreal/Content/Sprites/Effects/brackeys_vfx_bundle/predrawn/JumpImpact/impact_white_6x4_Sprite_2.uexp" 448
"C:/Users/Caryn/OneDrive - Ulster University/Documents/GitHub/UnlawfulGoodPrototyping/UnlawfulGoodUnreal/Content/Sprites/Effects/brackeys_vfx_bundle/predrawn/JumpImpact/impact_white_6x4_Sprite_3.uasset" 449
"C:/Users/Caryn/OneDrive - Ulster University/Documents/GitHub/UnlawfulGoodPrototyping/UnlawfulGoodUnreal/Content/Sprites/Effects/brackeys_vfx_bundle/predrawn/JumpImpact/impact_white_6x4_Sprite_3.uexp" 450
"C:/Users/Caryn/OneDrive - Ulster University/Documents/GitHub/UnlawfulGoodPrototyping/UnlawfulGoodUnreal/Content/Sprites/Effects/brackeys_vfx_bundle/predrawn/JumpImpact/impact_white_6x4_Sprite_4.uasset" 451
"C:/Users/Caryn/OneDrive - Ulster University/Documents/GitHub/UnlawfulGoodPrototyping/UnlawfulGoodUnreal/Content/Sprites/Effects/brackeys_vfx_bundle/predrawn/JumpImpact/impact_white_6x4_Sprite_4.uexp" 452
"C:/Users/Caryn/OneDrive - Ulster University/Documents/GitHub/UnlawfulGoodPrototyping/UnlawfulGoodUnreal/Content/Sprites/Effects/brackeys_vfx_bundle/predrawn/JumpImpact/impact_white_6x4_Sprite_5.uasset" 453
"C:/Users/Caryn/OneDrive - Ulster University/Documents/GitHub/UnlawfulGoodPrototyping/UnlawfulGoodUnreal/Content/Sprites/Effects/brackeys_vfx_bundle/predrawn/JumpImpact/impact_white_6x4_Sprite_5.uexp" 454
"C:/Users/Caryn/OneDrive - Ulster University/Documents/GitHub/UnlawfulGoodPrototyping/UnlawfulGoodUnreal/Content/Sprites/Effects/brackeys_vfx_bundle/predrawn/JumpImpact/impact_white_6x4_Sprite_6.uasset" 455
"C:/Users/Caryn/OneDrive - Ulster University/Documents/GitHub/UnlawfulGoodPrototyping/UnlawfulGoodUnreal/Content/Sprites/Effects/brackeys_vfx_bundle/predrawn/JumpImpact/impact_white_6x4_Sprite_6.uexp" 456
"C:/Users/Caryn/OneDrive - Ulster University/Documents/GitHub/UnlawfulGoodPrototyping/UnlawfulGoodUnreal/Content/Sprites/Effects/brackeys_vfx_bundle/predrawn/JumpImpact/impact_white_6x4_Sprite_7.uasset" 457
"C:/Users/Caryn/OneDrive - Ulster University/Documents/GitHub/UnlawfulGoodPrototyping/UnlawfulGoodUnreal/Content/Sprites/Effects/brackeys_vfx_bundle/predrawn/JumpImpact/impact_white_6x4_Sprite_7.uexp" 458
"C:/Users/Caryn/OneDrive - Ulster University/Documents/GitHub/UnlawfulGoodPrototyping/UnlawfulGoodUnreal/Content/Sprites/Effects/brackeys_vfx_bundle/predrawn/JumpImpact/impact_white_6x4_Sprite_8.uasset" 459
"C:/Users/Caryn/OneDrive - Ulster University/Documents/GitHub/UnlawfulGoodPrototyping/UnlawfulGoodUnreal/Content/Sprites/Effects/brackeys_vfx_bundle/predrawn/JumpImpact/impact_white_6x4_Sprite_8.uexp" 460
"C:/Users/Caryn/OneDrive - Ulster University/Documents/GitHub/UnlawfulGoodPrototyping/UnlawfulGoodUnreal/Content/Sprites/Effects/brackeys_vfx_bundle/predrawn/JumpImpact/impact_white_6x4_Sprite_9.uasset" 461
"C:/Users/Caryn/OneDrive - Ulster University/Documents/GitHub/UnlawfulGoodPrototyping/UnlawfulGoodUnreal/Content/Sprites/Effects/brackeys_vfx_bundle/predrawn/JumpImpact/impact_white_6x4_Sprite_9.uexp" 462
"C:/Users/Caryn/OneDrive - Ulster University/Documents/GitHub/UnlawfulGoodPrototyping/UnlawfulGoodUnreal/Content/Sprites/Effects/brackeys_vfx_bundle/predrawn/JumpImpact/impact_white_6x4_Sprite_10.uasset" 463
"C:/Users/Caryn/OneDrive - Ulster University/Documents/GitHub/UnlawfulGoodPrototyping/UnlawfulGoodUnreal/Content/Sprites/Effects/brackeys_vfx_bundle/predrawn/JumpImpact/impact_white_6x4_Sprite_10.uexp" 464
"C:/Users/Caryn/OneDrive - Ulster University/Documents/GitHub/UnlawfulGoodPrototyping/UnlawfulGoodUnreal/Content/Sprites/Effects/brackeys_vfx_bundle/predrawn/JumpImpact/impact_white_6x4_Sprite_11.uasset" 465
"C:/Users/Caryn/OneDrive - Ulster University/Documents/GitHub/UnlawfulGoodPrototyping/UnlawfulGoodUnreal/Content/Sprites/Effects/brackeys_vfx_bundle/predrawn/JumpImpact/impact_white_6x4_Sprite_11.uexp" 466
"C:/Users/Caryn/OneDrive - Ulster University/Documents/GitHub/UnlawfulGoodPrototyping/UnlawfulGoodUnreal/Content/Sprites/Effects/brackeys_vfx_bundle/predrawn/JumpImpact/impact_white_6x4_Sprite_12.uasset" 467
"C:/Users/Caryn/OneDrive - Ulster University/Documents/GitHub/UnlawfulGoodPrototyping/UnlawfulGoodUnreal/Content/Sprites/Effects/brackeys_vfx_bundle/predrawn/JumpImpact/impact_white_6x4_Sprite_12.uexp" 468
"C:/Users/Caryn/OneDrive - Ulster University/Documents/GitHub/UnlawfulGoodPrototyping/UnlawfulGoodUnreal/Content/Sprites/Effects/brackeys_vfx_bundle/predrawn/JumpImpact/impact_white_6x5.uasset" 469
"C:/Users/Caryn/OneDrive - Ulster University/Documents/GitHub/UnlawfulGoodPrototyping/UnlawfulGoodUnreal/Content/Sprites/Effects/brackeys_vfx_bundle/predrawn/JumpImpact/impact_white_6x5.uexp" 470
"C:/Users/Caryn/OneDrive - Ulster University/Documents/GitHub/UnlawfulGoodPrototyping/UnlawfulGoodUnreal/Content/Affects/BP_JumpImpact.uasset" 471
"C:/Users/Caryn/OneDrive - Ulster University/Documents/GitHub/UnlawfulGoodPrototyping/UnlawfulGoodUnreal/Content/Affects/BP_JumpImpact.uexp" 472
"C:/Users/Caryn/OneDrive - Ulster University/Documents/GitHub/UnlawfulGoodPrototyping/UnlawfulGoodUnreal/Content/Sprites/Effects/brackeys_vfx_bundle/predrawn/DeflectRing/electric_ring_6x5.uasset" 473
"C:/Users/Caryn/OneDrive - Ulster University/Documents/GitHub/UnlawfulGoodPrototyping/UnlawfulGoodUnreal/Content/Sprites/Effects/brackeys_vfx_bundle/predrawn/DeflectRing/electric_ring_6x5.uexp" 474
"C:/Users/Caryn/OneDrive - Ulster University/Documents/GitHub/UnlawfulGoodPrototyping/UnlawfulGoodUnreal/Content/Sprites/Effects/brackeys_vfx_bundle/predrawn/DeflectRing/electric_ring_6x5_Sprite_0.uasset" 475
"C:/Users/Caryn/OneDrive - Ulster University/Documents/GitHub/UnlawfulGoodPrototyping/UnlawfulGoodUnreal/Content/Sprites/Effects/brackeys_vfx_bundle/predrawn/DeflectRing/electric_ring_6x5_Sprite_0.uexp" 476
"C:/Users/Caryn/OneDrive - Ulster University/Documents/GitHub/UnlawfulGoodPrototyping/UnlawfulGoodUnreal/Content/Sprites/Effects/brackeys_vfx_bundle/predrawn/DeflectRing/electric_ring_6x5_Sprite_1.uasset" 477
"C:/Users/Caryn/OneDrive - Ulster University/Documents/GitHub/UnlawfulGoodPrototyping/UnlawfulGoodUnreal/Content/Sprites/Effects/brackeys_vfx_bundle/predrawn/DeflectRing/electric_ring_6x5_Sprite_1.uexp" 478
"C:/Users/Caryn/OneDrive - Ulster University/Documents/GitHub/UnlawfulGoodPrototyping/UnlawfulGoodUnreal/Content/Sprites/Effects/brackeys_vfx_bundle/predrawn/DeflectRing/electric_ring_6x5_Sprite_2.uasset" 479
"C:/Users/Caryn/OneDrive - Ulster University/Documents/GitHub/UnlawfulGoodPrototyping/UnlawfulGoodUnreal/Content/Sprites/Effects/brackeys_vfx_bundle/predrawn/DeflectRing/electric_ring_6x5_Sprite_2.uexp" 480
"C:/Users/Caryn/OneDrive - Ulster University/Documents/GitHub/UnlawfulGoodPrototyping/UnlawfulGoodUnreal/Content/Sprites/Effects/brackeys_vfx_bundle/predrawn/DeflectRing/electric_ring_6x5_Sprite_3.uasset" 481
"C:/Users/Caryn/OneDrive - Ulster University/Documents/GitHub/UnlawfulGoodPrototyping/UnlawfulGoodUnreal/Content/Sprites/Effects/brackeys_vfx_bundle/predrawn/DeflectRing/electric_ring_6x5_Sprite_3.uexp" 482
"C:/Users/Caryn/OneDrive - Ulster University/Documents/GitHub/UnlawfulGoodPrototyping/UnlawfulGoodUnreal/Content/Sprites/Effects/brackeys_vfx_bundle/predrawn/DeflectRing/electric_ring_6x5_Sprite_4.uasset" 483
"C:/Users/Caryn/OneDrive - Ulster University/Documents/GitHub/UnlawfulGoodPrototyping/UnlawfulGoodUnreal/Content/Sprites/Effects/brackeys_vfx_bundle/predrawn/DeflectRing/electric_ring_6x5_Sprite_4.uexp" 484
"C:/Users/Caryn/OneDrive - Ulster University/Documents/GitHub/UnlawfulGoodPrototyping/UnlawfulGoodUnreal/Content/Sprites/Effects/brackeys_vfx_bundle/predrawn/DeflectRing/electric_ring_6x5_Sprite_5.uasset" 485
"C:/Users/Caryn/OneDrive - Ulster University/Documents/GitHub/UnlawfulGoodPrototyping/UnlawfulGoodUnreal/Content/Sprites/Effects/brackeys_vfx_bundle/predrawn/DeflectRing/electric_ring_6x5_Sprite_5.uexp" 486
"C:/Users/Caryn/OneDrive - Ulster University/Documents/GitHub/UnlawfulGoodPrototyping/UnlawfulGoodUnreal/Content/Sprites/Effects/brackeys_vfx_bundle/predrawn/DeflectRing/electric_ring_6x5_Sprite_6.uasset" 487
"C:/Users/Caryn/OneDrive - Ulster University/Documents/GitHub/UnlawfulGoodPrototyping/UnlawfulGoodUnreal/Content/Sprites/Effects/brackeys_vfx_bundle/predrawn/DeflectRing/electric_ring_6x5_Sprite_6.uexp" 488
"C:/Users/Caryn/OneDrive - Ulster University/Documents/GitHub/UnlawfulGoodPrototyping/UnlawfulGoodUnreal/Content/Sprites/Effects/brackeys_vfx_bundle/predrawn/DeflectRing/electric_ring_6x5_Sprite_7.uasset" 489
"C:/Users/Caryn/OneDrive - Ulster University/Documents/GitHub/UnlawfulGoodPrototyping/UnlawfulGoodUnreal/Content/Sprites/Effects/brackeys_vfx_bundle/predrawn/DeflectRing/electric_ring_6x5_Sprite_7.uexp" 490
"C:/Users/Caryn/OneDrive - Ulster University/Documents/GitHub/UnlawfulGoodPrototyping/UnlawfulGoodUnreal/Content/Sprites/Effects/brackeys_vfx_bundle/predrawn/DeflectRing/electric_ring_6x5_Sprite_8.uasset" 491
"C:/Users/Caryn/OneDrive - Ulster University/Documents/GitHub/UnlawfulGoodPrototyping/UnlawfulGoodUnreal/Content/Sprites/Effects/brackeys_vfx_bundle/predrawn/DeflectRing/electric_ring_6x5_Sprite_8.uexp" 492
"C:/Users/Caryn/OneDrive - Ulster University/Documents/GitHub/UnlawfulGoodPrototyping/UnlawfulGoodUnreal/Content/Sprites/Effects/brackeys_vfx_bundle/predrawn/DeflectRing/electric_ring_6x5_Sprite_9.uasset" 493
"C:/Users/Caryn/OneDrive - Ulster University/Documents/GitHub/UnlawfulGoodPrototyping/UnlawfulGoodUnreal/Content/Sprites/Effects/brackeys_vfx_bundle/predrawn/DeflectRing/electric_ring_6x5_Sprite_9.uexp" 494
"C:/Users/Caryn/OneDrive - Ulster University/Documents/GitHub/UnlawfulGoodPrototyping/UnlawfulGoodUnreal/Content/Sprites/Effects/brackeys_vfx_bundle/predrawn/DeflectRing/DeflectRing.uasset" 495
"C:/Users/Caryn/OneDrive - Ulster University/Documents/GitHub/UnlawfulGoodPrototyping/UnlawfulGoodUnreal/Content/Sprites/Effects/brackeys_vfx_bundle/predrawn/DeflectRing/DeflectRing.uexp" 496
"C:/Users/Caryn/OneDrive - Ulster University/Documents/GitHub/UnlawfulGoodPrototyping/UnlawfulGoodUnreal/Content/Affects/BP_DeflectRing.uasset" 497
"C:/Users/Caryn/OneDrive - Ulster University/Documents/GitHub/UnlawfulGoodPrototyping/UnlawfulGoodUnreal/Content/Affects/BP_DeflectRing.uexp" 498
"C:/Users/Caryn/OneDrive - Ulster University/Documents/GitHub/UnlawfulGoodPrototyping/UnlawfulGoodUnreal/Content/Blueprints/PlayerCharacter/BP_PlayerChar.uasset" 499
"C:/Users/Caryn/OneDrive - Ulster University/Documents/GitHub/UnlawfulGoodPrototyping/UnlawfulGoodUnreal/Content/Blueprints/PlayerCharacter/BP_PlayerChar.uexp" 500
"C:/Users/Caryn/OneDrive - Ulster University/Documents/GitHub/UnlawfulGoodPrototyping/UnlawfulGoodUnreal/Content/Blueprints/Gamemode/GM_UnlawfulGood.uasset" 501
"C:/Users/Caryn/OneDrive - Ulster University/Documents/GitHub/UnlawfulGoodPrototyping/UnlawfulGoodUnreal/Content/Blueprints/Gamemode/GM_UnlawfulGood.uexp" 502
"../../../Engine/Content/Functions/Engine_MaterialFunctions01/Shading/PowerToRoughness.uasset" 503
"../../../Engine/Content/Functions/Engine_MaterialFunctions01/Shading/PowerToRoughness.uexp" 504
"../../../Engine/Content/Functions/Engine_MaterialFunctions01/Shading/ConvertFromDiffSpec.uasset" 505
"../../../Engine/Content/Functions/Engine_MaterialFunctions01/Shading/ConvertFromDiffSpec.uexp" 506
"../../../Engine/Content/EditorMaterials/Dataflow/DataflowTwoSidedVertexMaterial.uasset" 507
"../../../Engine/Content/EditorMaterials/Dataflow/DataflowTwoSidedVertexMaterial.uexp" 508
"../../../Engine/Content/EditorMaterials/Dataflow/DataflowVertexMaterial.uasset" 509
"../../../Engine/Content/EditorMaterials/Dataflow/DataflowVertexMaterial.uexp" 510
"../../../Engine/Plugins/Interchange/Assets/Content/Functions/MX_AbsorptionVDF.uasset" 511
"../../../Engine/Plugins/Interchange/Assets/Content/Functions/MX_AbsorptionVDF.uexp" 512
"../../../Engine/Plugins/Interchange/Assets/Content/Functions/MX_AnisotropicVDF.uasset" 513
"../../../Engine/Plugins/Interchange/Assets/Content/Functions/MX_AnisotropicVDF.uexp" 514
"../../../Engine/Plugins/Interchange/Assets/Content/Functions/MX_BurleyDiffuseBSDF.uasset" 515
"../../../Engine/Plugins/Interchange/Assets/Content/Functions/MX_BurleyDiffuseBSDF.uexp" 516
"../../../Engine/Plugins/Interchange/Assets/Content/Functions/MX_ConductorBSDF.uasset" 517
"../../../Engine/Plugins/Interchange/Assets/Content/Functions/MX_ConductorBSDF.uexp" 518
"../../../Engine/Plugins/Interchange/Assets/Content/Functions/MX_ConicalEDF.uasset" 519
"../../../Engine/Plugins/Interchange/Assets/Content/Functions/MX_ConicalEDF.uexp" 520
"../../../Engine/Plugins/Interchange/Assets/Content/Functions/MX_DielectricBSDF.uasset" 521
"../../../Engine/Plugins/Interchange/Assets/Content/Functions/MX_DielectricBSDF.uexp" 522
"../../../Engine/Plugins/Interchange/Assets/Content/Functions/MX_Displacement.uasset" 523
"../../../Engine/Plugins/Interchange/Assets/Content/Functions/MX_Displacement.uexp" 524
"../../../Engine/Plugins/Interchange/Assets/Content/Functions/MX_GeneralizedSchlickBSDF.uasset" 525
"../../../Engine/Plugins/Interchange/Assets/Content/Functions/MX_GeneralizedSchlickBSDF.uexp" 526
"../../../Engine/Plugins/Interchange/Assets/Content/Functions/MX_MeasuredEDF.uasset" 527
"../../../Engine/Plugins/Interchange/Assets/Content/Functions/MX_MeasuredEDF.uexp" 528
"../../../Engine/Plugins/Interchange/Assets/Content/Functions/MF_IridescenceNoLUT.uasset" 529
"../../../Engine/Plugins/Interchange/Assets/Content/Functions/MF_IridescenceNoLUT.uexp" 530
"../../../Engine/Plugins/Interchange/Assets/Content/Functions/MX_StandardSurface.uasset" 531
"../../../Engine/Plugins/Interchange/Assets/Content/Functions/MX_StandardSurface.uexp" 532
"../../../Engine/Plugins/Interchange/Assets/Content/Functions/MX_OpenPBR_Opaque.uasset" 533
"../../../Engine/Plugins/Interchange/Assets/Content/Functions/MX_OpenPBR_Opaque.uexp" 534
"../../../Engine/Plugins/Interchange/Assets/Content/Functions/MX_TransmissionSurface.uasset" 535
"../../../Engine/Plugins/Interchange/Assets/Content/Functions/MX_TransmissionSurface.uexp" 536
"../../../Engine/Plugins/Interchange/Assets/Content/Functions/MX_OpenPBR_Translucent.uasset" 537
"../../../Engine/Plugins/Interchange/Assets/Content/Functions/MX_OpenPBR_Translucent.uexp" 538
"../../../Engine/Plugins/Interchange/Assets/Content/Functions/MX_OrenNayarBSDF.uasset" 539
"../../../Engine/Plugins/Interchange/Assets/Content/Functions/MX_OrenNayarBSDF.uexp" 540
"../../../Engine/Plugins/Interchange/Assets/Content/Functions/MX_SheenBSDF.uasset" 541
"../../../Engine/Plugins/Interchange/Assets/Content/Functions/MX_SheenBSDF.uexp" 542
"../../../Engine/Plugins/Interchange/Assets/Content/Functions/MX_SubsurfaceBSDF.uasset" 543
"../../../Engine/Plugins/Interchange/Assets/Content/Functions/MX_SubsurfaceBSDF.uexp" 544
"../../../Engine/Plugins/Interchange/Assets/Content/Functions/MX_Surface.uasset" 545
"../../../Engine/Plugins/Interchange/Assets/Content/Functions/MX_Surface.uexp" 546
"../../../Engine/Plugins/Interchange/Assets/Content/Functions/MX_SurfaceUnlit.uasset" 547
"../../../Engine/Plugins/Interchange/Assets/Content/Functions/MX_SurfaceUnlit.uexp" 548
"../../../Engine/Plugins/Interchange/Assets/Content/Functions/MX_ThinFilmBSDF.uasset" 549
"../../../Engine/Plugins/Interchange/Assets/Content/Functions/MX_ThinFilmBSDF.uexp" 550
"../../../Engine/Plugins/Interchange/Assets/Content/Functions/MX_TranslucentBSDF.uasset" 551
"../../../Engine/Plugins/Interchange/Assets/Content/Functions/MX_TranslucentBSDF.uexp" 552
"../../../Engine/Plugins/Interchange/Assets/Content/Functions/MX_UniformEDF.uasset" 553
"../../../Engine/Plugins/Interchange/Assets/Content/Functions/MX_UniformEDF.uexp" 554
"../../../Engine/Plugins/Interchange/Assets/Content/Functions/MX_UsdPreviewSurface.uasset" 555
"../../../Engine/Plugins/Interchange/Assets/Content/Functions/MX_UsdPreviewSurface.uexp" 556
"../../../Engine/Plugins/Runtime/HairStrands/Content/Materials/HairCardsDefaultMaterial.uasset" 557
"../../../Engine/Plugins/Runtime/HairStrands/Content/Materials/HairCardsDefaultMaterial.uexp" 558
"../../../Engine/Content/Functions/Engine_MaterialFunctions02/Utility/MakeFloat2.uasset" 559
"../../../Engine/Content/Functions/Engine_MaterialFunctions02/Utility/MakeFloat2.uexp" 560
"../../../Engine/Content/Functions/Engine_MaterialFunctions02/Utility/MakeFloat3.uasset" 561
"../../../Engine/Content/Functions/Engine_MaterialFunctions02/Utility/MakeFloat3.uexp" 562
"../../../Engine/Content/EngineMaterials/HairDebugColor.uasset" 563
"../../../Engine/Content/EngineMaterials/HairDebugColor.uexp" 564
"../../../Engine/Content/EngineMaterials/HairColorMap.uasset" 565
"../../../Engine/Content/EngineMaterials/HairColorMap.uexp" 566
"../../../Engine/Plugins/Runtime/HairStrands/Content/Materials/HairGroupColors.uasset" 567
"../../../Engine/Plugins/Runtime/HairStrands/Content/Materials/HairGroupColors.uexp" 568
"../../../Engine/Plugins/Runtime/HairStrands/Content/Materials/HairDebugMaterial.uasset" 569
"../../../Engine/Plugins/Runtime/HairStrands/Content/Materials/HairDebugMaterial.uexp" 570
"../../../Engine/Plugins/Runtime/HairStrands/Content/Materials/HairDefaultMaterial.uasset" 571
"../../../Engine/Plugins/Runtime/HairStrands/Content/Materials/HairDefaultMaterial.uexp" 572
"../../../Engine/Plugins/Runtime/HairStrands/Content/Materials/HairMeshesDefaultMaterial.uasset" 573
"../../../Engine/Plugins/Runtime/HairStrands/Content/Materials/HairMeshesDefaultMaterial.uexp" 574
"../../../Engine/Plugins/VirtualProduction/CameraCalibrationCore/Content/Materials/M_DefaultEvenSquare.uasset" 575
"../../../Engine/Plugins/VirtualProduction/CameraCalibrationCore/Content/Materials/M_DefaultEvenSquare.uexp" 576
"../../../Engine/Plugins/VirtualProduction/CameraCalibrationCore/Content/Materials/M_DefaultOddSquare.uasset" 577
"../../../Engine/Plugins/VirtualProduction/CameraCalibrationCore/Content/Materials/M_DefaultOddSquare.uexp" 578
"../../../Engine/Content/EngineDebugMaterials/DebugEditorMaterial.uasset" 579
"../../../Engine/Content/EngineDebugMaterials/DebugEditorMaterial.uexp" 580
"../../../Engine/Content/EngineDebugMaterials/DebugMeshMaterial.uasset" 581
"../../../Engine/Content/EngineDebugMaterials/DebugMeshMaterial.uexp" 582
"../../../Engine/Content/EngineDebugMaterials/M_SimpleUnlitTranslucent.uasset" 583
"../../../Engine/Content/EngineDebugMaterials/M_SimpleUnlitTranslucent.uexp" 584
"../../../Engine/Content/Functions/Engine_MaterialFunctions02/Utility/CameraDirectionVector.uasset" 585
"../../../Engine/Content/Functions/Engine_MaterialFunctions02/Utility/CameraDirectionVector.uexp" 586
"../../../Engine/Content/EngineDebugMaterials/VolumeToRender.uasset" 587
"../../../Engine/Content/EngineDebugMaterials/VolumeToRender.uexp" 588
"../../../Engine/Content/EngineDebugMaterials/M_VolumeRenderSphereTracePP.uasset" 589
"../../../Engine/Content/EngineDebugMaterials/M_VolumeRenderSphereTracePP.uexp" 590
"../../../Engine/Content/EngineMaterials/DefaultDiffuse.ubulk" 591
"../../../Engine/Content/EngineMaterials/DefaultDiffuse.uasset" 592
"../../../Engine/Content/EngineMaterials/DefaultDiffuse.uexp" 593
"../../../Engine/Content/EngineMaterials/DefaultDeferredDecalMaterial.uasset" 594
"../../../Engine/Content/EngineMaterials/DefaultDeferredDecalMaterial.uexp" 595
"../../../Engine/Content/EngineMaterials/DefaultLightFunctionMaterial.uasset" 596
"../../../Engine/Content/EngineMaterials/DefaultLightFunctionMaterial.uexp" 597
"../../../Engine/Content/Functions/Engine_MaterialFunctions02/Utility/BreakOutFloat2Components.uasset" 598
"../../../Engine/Content/Functions/Engine_MaterialFunctions02/Utility/BreakOutFloat2Components.uexp" 599
"../../../Engine/Content/EngineMaterials/DefaultPostProcessMaterial.uasset" 600
"../../../Engine/Content/EngineMaterials/DefaultPostProcessMaterial.uexp" 601
"../../../Engine/Content/EngineFonts/RobotoDistanceField.uasset" 602
"../../../Engine/Content/EngineFonts/RobotoDistanceField.uexp" 603
"../../../Engine/Content/EngineMaterials/DefaultTextMaterialOpaque.uasset" 604
"../../../Engine/Content/EngineMaterials/DefaultTextMaterialOpaque.uexp" 605
"../../../Engine/Content/EngineMaterials/DefaultWhiteGrid_Low.uasset" 606
"../../../Engine/Content/EngineMaterials/DefaultWhiteGrid_Low.uexp" 607
"../../../Engine/Content/EngineMaterials/EmissiveMeshMaterial.uasset" 608
"../../../Engine/Content/EngineMaterials/EmissiveMeshMaterial.uexp" 609
"../../../Engine/Content/EngineMaterials/BaseFlattenNormalMap.uasset" 610
"../../../Engine/Content/EngineMaterials/BaseFlattenNormalMap.uexp" 611
"../../../Engine/Content/EngineMaterials/BaseFlattenDiffuseMap.uasset" 612
"../../../Engine/Content/EngineMaterials/BaseFlattenDiffuseMap.uexp" 613
"../../../Engine/Content/EngineMaterials/BaseFlattenEmissiveMap.uasset" 614
"../../../Engine/Content/EngineMaterials/BaseFlattenEmissiveMap.uexp" 615
"../../../Engine/Content/EngineMaterials/BaseFlattenGrayscaleMap.uasset" 616
"../../../Engine/Content/EngineMaterials/BaseFlattenGrayscaleMap.uexp" 617
"../../../Engine/Content/EngineMaterials/BaseFlattenLinearColor.uasset" 618
"../../../Engine/Content/EngineMaterials/BaseFlattenLinearColor.uexp" 619
"../../../Engine/Content/Functions/Engine_MaterialFunctions02/PivotPainter2/Black_1x1_EXR_Texture.uasset" 620
"../../../Engine/Content/Functions/Engine_MaterialFunctions02/PivotPainter2/Black_1x1_EXR_Texture.uexp" 621
"../../../Engine/Content/EngineMaterials/FlattenMaterial.uasset" 622
"../../../Engine/Content/EngineMaterials/FlattenMaterial.uexp" 623
"../../../Engine/Content/EngineMaterials/BaseFlattenDiffuseMap_VT.ubulk" 624
"../../../Engine/Content/EngineMaterials/BaseFlattenDiffuseMap_VT.uasset" 625
"../../../Engine/Content/EngineMaterials/BaseFlattenDiffuseMap_VT.uexp" 626
"../../../Engine/Content/EngineMaterials/BaseFlattenEmissiveMap_VT.ubulk" 627
"../../../Engine/Content/EngineMaterials/BaseFlattenEmissiveMap_VT.uasset" 628
"../../../Engine/Content/EngineMaterials/BaseFlattenEmissiveMap_VT.uexp" 629
"../../../Engine/Content/EngineMaterials/BaseFlattenGrayscaleMap_VT.ubulk" 630
"../../../Engine/Content/EngineMaterials/BaseFlattenGrayscaleMap_VT.uasset" 631
"../../../Engine/Content/EngineMaterials/BaseFlattenGrayscaleMap_VT.uexp" 632
"../../../Engine/Content/EngineMaterials/BaseFlattenLinearColor_VT.ubulk" 633
"../../../Engine/Content/EngineMaterials/BaseFlattenLinearColor_VT.uasset" 634
"../../../Engine/Content/EngineMaterials/BaseFlattenLinearColor_VT.uexp" 635
"../../../Engine/Content/EngineMaterials/BaseFlattenNormalMap_VT.ubulk" 636
"../../../Engine/Content/EngineMaterials/BaseFlattenNormalMap_VT.uasset" 637
"../../../Engine/Content/EngineMaterials/BaseFlattenNormalMap_VT.uexp" 638
"../../../Engine/Content/EngineMaterials/Black_1x1_EXR_Texture_VT.ubulk" 639
"../../../Engine/Content/EngineMaterials/Black_1x1_EXR_Texture_VT.uasset" 640
"../../../Engine/Content/EngineMaterials/Black_1x1_EXR_Texture_VT.uexp" 641
"../../../Engine/Content/EngineMaterials/FlattenMaterial_VT.uasset" 642
"../../../Engine/Content/EngineMaterials/FlattenMaterial_VT.uexp" 643
"../../../Engine/Content/EngineMaterials/FlattenMaterial_WS_Normal_VT.uasset" 644
"../../../Engine/Content/EngineMaterials/FlattenMaterial_WS_Normal_VT.uexp" 645
"../../../Engine/Content/EngineMaterials/GizmoMaterial.uasset" 646
"../../../Engine/Content/EngineMaterials/GizmoMaterial.uexp" 647
"../../../Engine/Content/EngineMaterials/InvalidLightmapSettings.ubulk" 648
"../../../Engine/Content/EngineMaterials/InvalidLightmapSettings.uasset" 649
"../../../Engine/Content/EngineMaterials/InvalidLightmapSettings.uexp" 650
"../../../Engine/Content/EngineMaterials/M_InvalidLightmapSettings.uasset" 651
"../../../Engine/Content/EngineMaterials/M_InvalidLightmapSettings.uexp" 652
"../../../Engine/Content/EngineMaterials/NaniteHiddenSectionMaterial.uasset" 653
"../../../Engine/Content/EngineMaterials/NaniteHiddenSectionMaterial.uexp" 654
"../../../Engine/Content/Functions/Engine_MaterialFunctions02/WorldPositionOffset/CameraOffset.uasset" 655
"../../../Engine/Content/Functions/Engine_MaterialFunctions02/WorldPositionOffset/CameraOffset.uexp" 656
"../../../Engine/Content/EngineMaterials/PhAT_JointLimitMaterial.uasset" 657
"../../../Engine/Content/EngineMaterials/PhAT_JointLimitMaterial.uexp" 658
"../../../Engine/Content/EngineMaterials/DefaultCalibrationColor.uasset" 659
"../../../Engine/Content/EngineMaterials/DefaultCalibrationColor.uexp" 660
"../../../Engine/Content/EngineMaterials/PPM_DefaultCalibrationColor.uasset" 661
"../../../Engine/Content/EngineMaterials/PPM_DefaultCalibrationColor.uexp" 662
"../../../Engine/Content/EngineMaterials/DefaultCalibrationGrayscale.uasset" 663
"../../../Engine/Content/EngineMaterials/DefaultCalibrationGrayscale.uexp" 664
"../../../Engine/Content/EngineMaterials/PPM_DefaultCalibrationGrayscale.uasset" 665
"../../../Engine/Content/EngineMaterials/PPM_DefaultCalibrationGrayscale.uexp" 666
"../../../Engine/Content/EngineMaterials/RemoveSurfaceMaterial.uasset" 667
"../../../Engine/Content/EngineMaterials/RemoveSurfaceMaterial.uexp" 668
"../../../Engine/Plugins/Animation/ControlRig/Content/Controls/ControlRigGizmoMaterial.uasset" 669
"../../../Engine/Plugins/Animation/ControlRig/Content/Controls/ControlRigGizmoMaterial.uexp" 670
"../../../Engine/Plugins/Animation/ControlRig/Content/Controls/ControlRigXRayMaterial.uasset" 671
"../../../Engine/Plugins/Animation/ControlRig/Content/Controls/ControlRigXRayMaterial.uexp" 672
"../../../Engine/Content/Functions/Engine_MaterialFunctions02/Utility/VectorLength.uasset" 673
"../../../Engine/Content/Functions/Engine_MaterialFunctions02/Utility/VectorLength.uexp" 674
"../../../Engine/Content/Functions/Engine_MaterialFunctions02/WorldPositionOffset/ObjectScale.uasset" 675
"../../../Engine/Content/Functions/Engine_MaterialFunctions02/WorldPositionOffset/ObjectScale.uexp" 676
"../../../Engine/Content/Functions/Engine_MaterialFunctions02/Utility/BreakOutFloat3Components.uasset" 677
"../../../Engine/Content/Functions/Engine_MaterialFunctions02/Utility/BreakOutFloat3Components.uexp" 678
"../../../Engine/Content/Functions/Engine_MaterialFunctions02/SafeNormalize.uasset" 679
"../../../Engine/Content/Functions/Engine_MaterialFunctions02/SafeNormalize.uexp" 680
"../../../Engine/Plugins/Editor/SpeedTreeImporter/Content/SpeedTree9/UnpackInteger3.uasset" 681
"../../../Engine/Plugins/Editor/SpeedTreeImporter/Content/SpeedTree9/UnpackInteger3.uexp" 682
"../../../Engine/Plugins/Editor/SpeedTreeImporter/Content/SpeedTree9/UnpackDirection.uasset" 683
"../../../Engine/Plugins/Editor/SpeedTreeImporter/Content/SpeedTree9/UnpackDirection.uexp" 684
"../../../Engine/Plugins/Editor/SpeedTreeImporter/Content/SpeedTree9/game_wind_noise.ubulk" 685
"../../../Engine/Plugins/Editor/SpeedTreeImporter/Content/SpeedTree9/game_wind_noise.uasset" 686
"../../../Engine/Plugins/Editor/SpeedTreeImporter/Content/SpeedTree9/game_wind_noise.uexp" 687
"../../../Engine/Plugins/Editor/SpeedTreeImporter/Content/SpeedTree9/SpeedTreeWindMotion.uasset" 688
"../../../Engine/Plugins/Editor/SpeedTreeImporter/Content/SpeedTree9/SpeedTreeWindMotion.uexp" 689
"../../../Engine/Plugins/Editor/SpeedTreeImporter/Content/SpeedTree9/SpeedTreeBranchMotion.uasset" 690
"../../../Engine/Plugins/Editor/SpeedTreeImporter/Content/SpeedTree9/SpeedTreeBranchMotion.uexp" 691
"../../../Engine/Content/Functions/Engine_MaterialFunctions02/ObjectLocalBounds.uasset" 692
"../../../Engine/Content/Functions/Engine_MaterialFunctions02/ObjectLocalBounds.uexp" 693
"../../../Engine/Content/Functions/Engine_MaterialFunctions02/UVs/BoundingBoxBased_0-1_UVW.uasset" 694
"../../../Engine/Content/Functions/Engine_MaterialFunctions02/UVs/BoundingBoxBased_0-1_UVW.uexp" 695
"../../../Engine/Plugins/Editor/SpeedTreeImporter/Content/SpeedTree9/SpeedTreeWind.uasset" 696
"../../../Engine/Plugins/Editor/SpeedTreeImporter/Content/SpeedTree9/SpeedTreeWind.uexp" 697
"../../../Engine/Plugins/Editor/SpeedTreeImporter/Content/SpeedTree9/EmptyNormal.uasset" 698
"../../../Engine/Plugins/Editor/SpeedTreeImporter/Content/SpeedTree9/EmptyNormal.uexp" 699
"../../../Engine/Plugins/Editor/SpeedTreeImporter/Content/SpeedTree9/Empty.uasset" 700
"../../../Engine/Plugins/Editor/SpeedTreeImporter/Content/SpeedTree9/Empty.uexp" 701
"../../../Engine/Plugins/Editor/SpeedTreeImporter/Content/SpeedTree9/SpeedTreeBillboard.uasset" 702
"../../../Engine/Plugins/Editor/SpeedTreeImporter/Content/SpeedTree9/SpeedTreeBillboard.uexp" 703
"../../../Engine/Plugins/Editor/SpeedTreeImporter/Content/SpeedTree9/SpeedTreeBillboardMaster.uasset" 704
"../../../Engine/Plugins/Editor/SpeedTreeImporter/Content/SpeedTree9/SpeedTreeBillboardMaster.uexp" 705
"../../../Engine/Plugins/Editor/SpeedTreeImporter/Content/SpeedTree9/SpeedTreeCameraFacing.uasset" 706
"../../../Engine/Plugins/Editor/SpeedTreeImporter/Content/SpeedTree9/SpeedTreeCameraFacing.uexp" 707
"../../../Engine/Plugins/Editor/SpeedTreeImporter/Content/SpeedTree9/SpeedTreeMaster.uasset" 708
"../../../Engine/Plugins/Editor/SpeedTreeImporter/Content/SpeedTree9/SpeedTreeMaster.uexp" 709
"../../../Engine/Content/EditorLandscapeResources/DefaultAlphaTexture.uasset" 710
"../../../Engine/Content/EditorLandscapeResources/DefaultAlphaTexture.uexp" 711
"../../../Engine/Content/EditorLandscapeResources/LandscapeDirtyMaterial.uasset" 712
"../../../Engine/Content/EditorLandscapeResources/LandscapeDirtyMaterial.uexp" 713
"../../../Engine/Content/Functions/Engine_MaterialFunctions02/WorldPositionOffset/LocalPosition.uasset" 714
"../../../Engine/Content/Functions/Engine_MaterialFunctions02/WorldPositionOffset/LocalPosition.uexp" 715
"../../../Engine/Content/Functions/Engine_MaterialFunctions01/Texturing/ScaleUVsByCenter.uasset" 716
"../../../Engine/Content/Functions/Engine_MaterialFunctions01/Texturing/ScaleUVsByCenter.uexp" 717
"../../../Engine/Content/Functions/Engine_MaterialFunctions01/Texturing/TextureCropping.uasset" 718
"../../../Engine/Content/Functions/Engine_MaterialFunctions01/Texturing/TextureCropping.uexp" 719
"../../../Engine/Content/Functions/Engine_MaterialFunctions02/ExampleContent/DebugNumberStrip.uasset" 720
"../../../Engine/Content/Functions/Engine_MaterialFunctions02/ExampleContent/DebugNumberStrip.uexp" 721
"../../../Engine/Content/Functions/Engine_MaterialFunctions01/Debug/DebugIntValues.uasset" 722
"../../../Engine/Content/Functions/Engine_MaterialFunctions01/Debug/DebugIntValues.uexp" 723
"../../../Engine/Content/EditorLandscapeResources/LandscapeLayerUsageMaterial.uasset" 724
"../../../Engine/Content/EditorLandscapeResources/LandscapeLayerUsageMaterial.uexp" 725
"../../../Engine/Content/EditorLandscapeResources/WhiteSquareTexture.uasset" 726
"../../../Engine/Content/EditorLandscapeResources/WhiteSquareTexture.uexp" 727
"../../../Engine/Content/EditorLandscapeResources/LayerVisMaterial.uasset" 728
"../../../Engine/Content/EditorLandscapeResources/LayerVisMaterial.uexp" 729
"../../../Engine/Content/EditorMaterials/PhAT_NoCollisionMaterial.uasset" 730
"../../../Engine/Content/EditorMaterials/PhAT_NoCollisionMaterial.uexp" 731
"../../../Engine/Content/EditorMaterials/PhAT_UnselectedMaterial.uasset" 732
"../../../Engine/Content/EditorMaterials/PhAT_UnselectedMaterial.uexp" 733
"../../../Engine/Content/EditorMaterials/PreviewShadowIndicator.ubulk" 734
"../../../Engine/Content/EditorMaterials/PreviewShadowIndicator.uasset" 735
"../../../Engine/Content/EditorMaterials/PreviewShadowIndicator.uexp" 736
"../../../Engine/Content/EditorMaterials/PreviewShadowIndicatorMaterial.uasset" 737
"../../../Engine/Content/EditorMaterials/PreviewShadowIndicatorMaterial.uexp" 738
"../../../Engine/Content/BasicShapes/BasicShapeMaterial.uasset" 739
"../../../Engine/Content/BasicShapes/BasicShapeMaterial.uexp" 740
"../../../Engine/Plugins/Animation/ControlRig/Content/M_Manip.uasset" 741
"../../../Engine/Plugins/Animation/ControlRig/Content/M_Manip.uexp" 742
"../../../Engine/Content/EngineMeshes/Sphere.ubulk" 743
"../../../Engine/Content/EngineMeshes/Sphere.uasset" 744
"../../../Engine/Content/EngineMeshes/Sphere.uexp" 745
"../../../Engine/Content/EngineResources/DefaultTextureCube.uasset" 746
"../../../Engine/Content/EngineResources/DefaultTextureCube.uexp" 747
"../../../Engine/Content/EngineResources/DefaultVolumeTexture2D.uasset" 748
"../../../Engine/Content/EngineResources/DefaultVolumeTexture2D.uexp" 749
"../../../Engine/Content/EngineResources/DefaultVolumeTexture.uasset" 750
"../../../Engine/Content/EngineResources/DefaultVolumeTexture.uexp" 751
"../../../Engine/Content/VREditor/TransformGizmo/Xray.uasset" 752
"../../../Engine/Content/VREditor/TransformGizmo/Xray.uexp" 753
"../../../Engine/Content/VREditor/TransformGizmo/Main.uasset" 754
"../../../Engine/Content/VREditor/TransformGizmo/Main.uexp" 755
"../../../Engine/Content/VREditor/TransformGizmo/SM_Sequencer_Node.ubulk" 756
"../../../Engine/Content/VREditor/TransformGizmo/SM_Sequencer_Node.uasset" 757
"../../../Engine/Content/VREditor/TransformGizmo/SM_Sequencer_Node.uexp" 758
"../../../Engine/Content/EditorMaterials/Camera/CineMat.uasset" 759
"../../../Engine/Content/EditorMaterials/Camera/CineMat.uexp" 760
"../../../Engine/Content/EditorMaterials/Camera/MI_CineMat_Rig.uasset" 761
"../../../Engine/Content/EditorMaterials/Camera/MI_CineMat_Rig.uexp" 762
"../../../Engine/Content/EditorMeshes/Camera/SM_CraneRig_Base.ubulk" 763
"../../../Engine/Content/EditorMeshes/Camera/SM_CraneRig_Base.uasset" 764
"../../../Engine/Content/EditorMeshes/Camera/SM_CraneRig_Base.uexp" 765
"../../../Engine/Content/EditorMeshes/Camera/SM_CraneRig_Arm.ubulk" 766
"../../../Engine/Content/EditorMeshes/Camera/SM_CraneRig_Arm.uasset" 767
"../../../Engine/Content/EditorMeshes/Camera/SM_CraneRig_Arm.uexp" 768
"../../../Engine/Content/EditorMeshes/Camera/SM_CraneRig_Mount.ubulk" 769
"../../../Engine/Content/EditorMeshes/Camera/SM_CraneRig_Mount.uasset" 770
"../../../Engine/Content/EditorMeshes/Camera/SM_CraneRig_Mount.uexp" 771
"../../../Engine/Content/EditorMeshes/Camera/SM_CraneRig_Body.ubulk" 772
"../../../Engine/Content/EditorMeshes/Camera/SM_CraneRig_Body.uasset" 773
"../../../Engine/Content/EditorMeshes/Camera/SM_CraneRig_Body.uexp" 774
"../../../Engine/Content/EditorMeshes/Camera/SM_RailRig_Track.ubulk" 775
"../../../Engine/Content/EditorMeshes/Camera/SM_RailRig_Track.uasset" 776
"../../../Engine/Content/EditorMeshes/Camera/SM_RailRig_Track.uexp" 777
"../../../Engine/Content/EditorMeshes/Camera/SM_RailRig_Mount.ubulk" 778
"../../../Engine/Content/EditorMeshes/Camera/SM_RailRig_Mount.uasset" 779
"../../../Engine/Content/EditorMeshes/Camera/SM_RailRig_Mount.uexp" 780
"../../../Engine/Content/EditorLandscapeResources/SplineEditorMeshMat.uasset" 781
"../../../Engine/Content/EditorLandscapeResources/SplineEditorMeshMat.uexp" 782
"../../../Engine/Content/EditorLandscapeResources/SplineEditorMesh.ubulk" 783
"../../../Engine/Content/EditorLandscapeResources/SplineEditorMesh.uasset" 784
"../../../Engine/Content/EditorLandscapeResources/SplineEditorMesh.uexp" 785
"../../../Engine/Content/EngineMaterials/T_Default_Material_Grid_M.ubulk" 786
"../../../Engine/Content/EngineMaterials/T_Default_Material_Grid_M.uasset" 787
"../../../Engine/Content/EngineMaterials/T_Default_Material_Grid_M.uexp" 788
"../../../Engine/Content/Functions/Engine_MaterialFunctions01/Opacity/CameraDepthFade.uasset" 789
"../../../Engine/Content/Functions/Engine_MaterialFunctions01/Opacity/CameraDepthFade.uexp" 790
"../../../Engine/Content/EngineMaterials/T_Default_Material_Grid_N.ubulk" 791
"../../../Engine/Content/EngineMaterials/T_Default_Material_Grid_N.uasset" 792
"../../../Engine/Content/EngineMaterials/T_Default_Material_Grid_N.uexp" 793
"../../../Engine/Content/EngineMaterials/WorldGridMaterial.uasset" 794
"../../../Engine/Content/EngineMaterials/WorldGridMaterial.uexp" 795
"../../../Engine/Content/BasicShapes/Cube.ubulk" 796
"../../../Engine/Content/BasicShapes/Cube.uasset" 797
"../../../Engine/Content/BasicShapes/Cube.uexp" 798
"../../../Engine/Content/EngineMaterials/Substrate/GLints/AGlintTex2dArray.uasset" 799
"../../../Engine/Content/EngineMaterials/Substrate/GLints/AGlintTex2dArray.uexp" 800
"../../../Engine/Content/EngineMaterials/Substrate/Glints2/AGlintTex2dArray2.uasset" 801
"../../../Engine/Content/EngineMaterials/Substrate/Glints2/AGlintTex2dArray2.uexp" 802
"../../../Engine/Content/EngineMaterials/Substrate/Volume/SubstrateSimpleVolumeEnvLUT3D.uasset" 803
"../../../Engine/Content/EngineMaterials/Substrate/Volume/SubstrateSimpleVolumeEnvLUT3D.uexp" 804
"../../../Engine/Content/EngineMaterials/Substrate/Volume/SubstrateSimpleVolumeLUT3D.uasset" 805
"../../../Engine/Content/EngineMaterials/Substrate/Volume/SubstrateSimpleVolumeLUT3D.uexp" 806
"../../../Engine/Content/ArtTools/RenderToTexture/Meshes/S_1_Unit_Plane.ubulk" 807
"../../../Engine/Content/ArtTools/RenderToTexture/Meshes/S_1_Unit_Plane.uasset" 808
"../../../Engine/Content/ArtTools/RenderToTexture/Meshes/S_1_Unit_Plane.uexp" 809
"../../../Engine/Content/VREditor/TransformGizmo/TranslucentTransformGizmoMaterial.uasset" 810
"../../../Engine/Content/VREditor/TransformGizmo/TranslucentTransformGizmoMaterial.uexp" 811
"../../../Engine/Content/VREditor/LaserPointer/VR_LaserPower_01.ubulk" 812
"../../../Engine/Content/VREditor/LaserPointer/VR_LaserPower_01.uasset" 813
"../../../Engine/Content/VREditor/LaserPointer/VR_LaserPower_01.uexp" 814
"../../../Engine/Content/VREditor/TransformGizmo/TransformGizmoMaterial.uasset" 815
"../../../Engine/Content/VREditor/TransformGizmo/TransformGizmoMaterial.uexp" 816
"../../../Engine/Content/VREditor/TransformGizmo/BoundingBoxCorner.ubulk" 817
"../../../Engine/Content/VREditor/TransformGizmo/BoundingBoxCorner.uasset" 818
"../../../Engine/Content/VREditor/TransformGizmo/BoundingBoxCorner.uexp" 819
"../../../Engine/Content/VREditor/TransformGizmo/BoundingBoxEdge.ubulk" 820
"../../../Engine/Content/VREditor/TransformGizmo/BoundingBoxEdge.uasset" 821
"../../../Engine/Content/VREditor/TransformGizmo/BoundingBoxEdge.uexp" 822
"../../../Engine/Plugins/Interchange/Assets/Content/Utilities/New_LUT.uasset" 823
"../../../Engine/Plugins/Interchange/Assets/Content/Utilities/New_LUT.uexp" 824
"../../../Engine/Content/Functions/Engine_MaterialFunctions03/Math/RemapValueRange.uasset" 825
"../../../Engine/Content/Functions/Engine_MaterialFunctions03/Math/RemapValueRange.uexp" 826
"../../../Engine/Plugins/Interchange/Assets/Content/Functions/MF_Iridescence.uasset" 827
"../../../Engine/Plugins/Interchange/Assets/Content/Functions/MF_Iridescence.uexp" 828
"../../../Engine/Plugins/Interchange/Assets/Content/gltf/Textures/T_White_srgb.uasset" 829
"../../../Engine/Plugins/Interchange/Assets/Content/gltf/Textures/T_White_srgb.uexp" 830
"../../../Engine/Plugins/Interchange/Assets/Content/gltf/MaterialFunctions/MF_BaseColor.uasset" 831
"../../../Engine/Plugins/Interchange/Assets/Content/gltf/MaterialFunctions/MF_BaseColor.uexp" 832
"../../../Engine/Plugins/Interchange/Assets/Content/gltf/MaterialFunctions/MF_RotateV2.uasset" 833
"../../../Engine/Plugins/Interchange/Assets/Content/gltf/MaterialFunctions/MF_RotateV2.uexp" 834
"../../../Engine/Plugins/Interchange/Assets/Content/gltf/MaterialFunctions/MF_TransformUVs.uasset" 835
"../../../Engine/Plugins/Interchange/Assets/Content/gltf/MaterialFunctions/MF_TransformUVs.uexp" 836
"../../../Engine/Plugins/Interchange/Assets/Content/gltf/MaterialFunctions/MF_IOR.uasset" 837
"../../../Engine/Plugins/Interchange/Assets/Content/gltf/MaterialFunctions/MF_IOR.uexp" 838
"../../../Engine/Plugins/Interchange/Assets/Content/gltf/MaterialFunctions/MF_Iridescence.uasset" 839
"../../../Engine/Plugins/Interchange/Assets/Content/gltf/MaterialFunctions/MF_Iridescence.uexp" 840
"../../../Engine/Plugins/Interchange/Assets/Content/gltf/Textures/T_White_Linear.uasset" 841
"../../../Engine/Plugins/Interchange/Assets/Content/gltf/Textures/T_White_Linear.uexp" 842
"../../../Engine/Plugins/Interchange/Assets/Content/gltf/MaterialFunctions/MF_MetallicRoughness.uasset" 843
"../../../Engine/Plugins/Interchange/Assets/Content/gltf/MaterialFunctions/MF_MetallicRoughness.uexp" 844
"../../../Engine/Content/Functions/Engine_MaterialFunctions02/Math/Transform3x3Matrix.uasset" 845
"../../../Engine/Content/Functions/Engine_MaterialFunctions02/Math/Transform3x3Matrix.uexp" 846
"../../../Engine/Plugins/Interchange/Assets/Content/gltf/MaterialFunctions/MF_RotateNormals_TS.uasset" 847
"../../../Engine/Plugins/Interchange/Assets/Content/gltf/MaterialFunctions/MF_RotateNormals_TS.uexp" 848
"../../../Engine/Plugins/Interchange/Assets/Content/gltf/MaterialFunctions/MF_ScaleNormal.uasset" 849
"../../../Engine/Plugins/Interchange/Assets/Content/gltf/MaterialFunctions/MF_ScaleNormal.uexp" 850
"../../../Engine/Plugins/Interchange/Assets/Content/gltf/Textures/T_Generic_N.uasset" 851
"../../../Engine/Plugins/Interchange/Assets/Content/gltf/Textures/T_Generic_N.uexp" 852
"../../../Engine/Plugins/Interchange/Assets/Content/gltf/MaterialFunctions/MF_Normals.uasset" 853
"../../../Engine/Plugins/Interchange/Assets/Content/gltf/MaterialFunctions/MF_Normals.uexp" 854
"../../../Engine/Plugins/Interchange/Assets/Content/gltf/MaterialFunctions/MF_Occlusion.uasset" 855
"../../../Engine/Plugins/Interchange/Assets/Content/gltf/MaterialFunctions/MF_Occlusion.uexp" 856
"../../../Engine/Plugins/Interchange/Assets/Content/gltf/MaterialFunctions/MF_Specular.uasset" 857
"../../../Engine/Plugins/Interchange/Assets/Content/gltf/MaterialFunctions/MF_Specular.uexp" 858
"../../../Engine/Plugins/Interchange/Assets/Content/gltf/Textures/T_Anisotropy_Direction_Linear.uasset" 859
"../../../Engine/Plugins/Interchange/Assets/Content/gltf/Textures/T_Anisotropy_Direction_Linear.uexp" 860
"../../../Engine/Plugins/Interchange/Assets/Content/gltf/MaterialFunctions/MF_SpecularAnisotropy.uasset" 861
"../../../Engine/Plugins/Interchange/Assets/Content/gltf/MaterialFunctions/MF_SpecularAnisotropy.uexp" 862
"../../../Engine/Plugins/Interchange/Assets/Content/gltf/MaterialFunctions/MF_Emissive.uasset" 863
"../../../Engine/Plugins/Interchange/Assets/Content/gltf/MaterialFunctions/MF_Emissive.uexp" 864
"../../../Engine/Content/Functions/Engine_MaterialFunctions01/Texturing/FlattenNormal.uasset" 865
"../../../Engine/Content/Functions/Engine_MaterialFunctions01/Texturing/FlattenNormal.uexp" 866
"../../../Engine/Plugins/Interchange/Assets/Content/gltf/MaterialFunctions/MF_Clearcoat.uasset" 867
"../../../Engine/Plugins/Interchange/Assets/Content/gltf/MaterialFunctions/MF_Clearcoat.uexp" 868
"../../../Engine/Plugins/Interchange/Assets/Content/gltf/MaterialBodies/MF_ClearCoat_Body.uasset" 869
"../../../Engine/Plugins/Interchange/Assets/Content/gltf/MaterialBodies/MF_ClearCoat_Body.uexp" 870
"../../../Engine/Plugins/Interchange/Assets/Content/gltf/M_ClearCoat.uasset" 871
"../../../Engine/Plugins/Interchange/Assets/Content/gltf/M_ClearCoat.uexp" 872
"../../../Engine/Plugins/Interchange/Assets/Content/gltf/MaterialInstances/MI_ClearCoat_Blend.uasset" 873
"../../../Engine/Plugins/Interchange/Assets/Content/gltf/MaterialInstances/MI_ClearCoat_Blend.uexp" 874
"../../../Engine/Plugins/Interchange/Assets/Content/gltf/MaterialInstances/MI_ClearCoat_Blend_DS.uasset" 875
"../../../Engine/Plugins/Interchange/Assets/Content/gltf/MaterialInstances/MI_ClearCoat_Blend_DS.uexp" 876
"../../../Engine/Plugins/Interchange/Assets/Content/gltf/MaterialInstances/MI_ClearCoat_Mask.uasset" 877
"../../../Engine/Plugins/Interchange/Assets/Content/gltf/MaterialInstances/MI_ClearCoat_Mask.uexp" 878
"../../../Engine/Plugins/Interchange/Assets/Content/gltf/MaterialInstances/MI_ClearCoat_Mask_DS.uasset" 879
"../../../Engine/Plugins/Interchange/Assets/Content/gltf/MaterialInstances/MI_ClearCoat_Mask_DS.uexp" 880
"../../../Engine/Plugins/Interchange/Assets/Content/gltf/MaterialInstances/MI_ClearCoat_Opaque.uasset" 881
"../../../Engine/Plugins/Interchange/Assets/Content/gltf/MaterialInstances/MI_ClearCoat_Opaque.uexp" 882
"../../../Engine/Plugins/Interchange/Assets/Content/gltf/MaterialInstances/MI_ClearCoat_Opaque_DS.uasset" 883
"../../../Engine/Plugins/Interchange/Assets/Content/gltf/MaterialInstances/MI_ClearCoat_Opaque_DS.uexp" 884
"../../../Engine/Plugins/Interchange/Assets/Content/gltf/MaterialBodies/MF_Default_Body.uasset" 885
"../../../Engine/Plugins/Interchange/Assets/Content/gltf/MaterialBodies/MF_Default_Body.uexp" 886
"../../../Engine/Plugins/Interchange/Assets/Content/gltf/M_Default.uasset" 887
"../../../Engine/Plugins/Interchange/Assets/Content/gltf/M_Default.uexp" 888
"../../../Engine/Plugins/Interchange/Assets/Content/gltf/MaterialInstances/MI_Default_Blend.uasset" 889
"../../../Engine/Plugins/Interchange/Assets/Content/gltf/MaterialInstances/MI_Default_Blend.uexp" 890
"../../../Engine/Plugins/Interchange/Assets/Content/gltf/MaterialInstances/MI_Default_Blend_DS.uasset" 891
"../../../Engine/Plugins/Interchange/Assets/Content/gltf/MaterialInstances/MI_Default_Blend_DS.uexp" 892
"../../../Engine/Plugins/Interchange/Assets/Content/gltf/MaterialInstances/MI_Default_Mask.uasset" 893
"../../../Engine/Plugins/Interchange/Assets/Content/gltf/MaterialInstances/MI_Default_Mask.uexp" 894
"../../../Engine/Plugins/Interchange/Assets/Content/gltf/MaterialInstances/MI_Default_Mask_DS.uasset" 895
"../../../Engine/Plugins/Interchange/Assets/Content/gltf/MaterialInstances/MI_Default_Mask_DS.uexp" 896
"../../../Engine/Plugins/Interchange/Assets/Content/gltf/MaterialInstances/MI_Default_Opaque.uasset" 897
"../../../Engine/Plugins/Interchange/Assets/Content/gltf/MaterialInstances/MI_Default_Opaque.uexp" 898
"../../../Engine/Plugins/Interchange/Assets/Content/gltf/MaterialInstances/MI_Default_Opaque_DS.uasset" 899
"../../../Engine/Plugins/Interchange/Assets/Content/gltf/MaterialInstances/MI_Default_Opaque_DS.uexp" 900
"../../../Engine/Plugins/Interchange/Assets/Content/gltf/MaterialFunctions/MF_Sheen.uasset" 901
"../../../Engine/Plugins/Interchange/Assets/Content/gltf/MaterialFunctions/MF_Sheen.uexp" 902
"../../../Engine/Plugins/Interchange/Assets/Content/gltf/MaterialBodies/MF_Sheen_Body.uasset" 903
"../../../Engine/Plugins/Interchange/Assets/Content/gltf/MaterialBodies/MF_Sheen_Body.uexp" 904
"../../../Engine/Plugins/Interchange/Assets/Content/gltf/M_Sheen.uasset" 905
"../../../Engine/Plugins/Interchange/Assets/Content/gltf/M_Sheen.uexp" 906
"../../../Engine/Plugins/Interchange/Assets/Content/gltf/MaterialInstances/MI_Sheen_Blend.uasset" 907
"../../../Engine/Plugins/Interchange/Assets/Content/gltf/MaterialInstances/MI_Sheen_Blend.uexp" 908
"../../../Engine/Plugins/Interchange/Assets/Content/gltf/MaterialInstances/MI_Sheen_Blend_DS.uasset" 909
"../../../Engine/Plugins/Interchange/Assets/Content/gltf/MaterialInstances/MI_Sheen_Blend_DS.uexp" 910
"../../../Engine/Plugins/Interchange/Assets/Content/gltf/MaterialInstances/MI_Sheen_Mask.uasset" 911
"../../../Engine/Plugins/Interchange/Assets/Content/gltf/MaterialInstances/MI_Sheen_Mask.uexp" 912
"../../../Engine/Plugins/Interchange/Assets/Content/gltf/MaterialInstances/MI_Sheen_Mask_DS.uasset" 913
"../../../Engine/Plugins/Interchange/Assets/Content/gltf/MaterialInstances/MI_Sheen_Mask_DS.uexp" 914
"../../../Engine/Plugins/Interchange/Assets/Content/gltf/MaterialInstances/MI_Sheen_Opaque.uasset" 915
"../../../Engine/Plugins/Interchange/Assets/Content/gltf/MaterialInstances/MI_Sheen_Opaque.uexp" 916
"../../../Engine/Plugins/Interchange/Assets/Content/gltf/MaterialInstances/MI_Sheen_Opaque_DS.uasset" 917
"../../../Engine/Plugins/Interchange/Assets/Content/gltf/MaterialInstances/MI_Sheen_Opaque_DS.uexp" 918
"../../../Engine/Content/Functions/Engine_MaterialFunctions02/Math/AddComponents.uasset" 919
"../../../Engine/Content/Functions/Engine_MaterialFunctions02/Math/AddComponents.uexp" 920
"../../../Engine/Plugins/Interchange/Assets/Content/gltf/MaterialFunctions/MF_DiffuseSpecGloss.uasset" 921
"../../../Engine/Plugins/Interchange/Assets/Content/gltf/MaterialFunctions/MF_DiffuseSpecGloss.uexp" 922
"../../../Engine/Plugins/Interchange/Assets/Content/gltf/MaterialFunctions/MF_MaxComponentValue.uasset" 923
"../../../Engine/Plugins/Interchange/Assets/Content/gltf/MaterialFunctions/MF_MaxComponentValue.uexp" 924
"../../../Engine/Plugins/Interchange/Assets/Content/gltf/MaterialFunctions/MF_PerceivedBrightness.uasset" 925
"../../../Engine/Plugins/Interchange/Assets/Content/gltf/MaterialFunctions/MF_PerceivedBrightness.uexp" 926
"../../../Engine/Plugins/Interchange/Assets/Content/gltf/MaterialFunctions/MF_SpecGlossToMetalRoughness.uasset" 927
"../../../Engine/Plugins/Interchange/Assets/Content/gltf/MaterialFunctions/MF_SpecGlossToMetalRoughness.uexp" 928
"../../../Engine/Plugins/Interchange/Assets/Content/gltf/MaterialBodies/MF_SpecularGlossiness_Body.uasset" 929
"../../../Engine/Plugins/Interchange/Assets/Content/gltf/MaterialBodies/MF_SpecularGlossiness_Body.uexp" 930
"../../../Engine/Plugins/Interchange/Assets/Content/gltf/M_SpecularGlossiness.uasset" 931
"../../../Engine/Plugins/Interchange/Assets/Content/gltf/M_SpecularGlossiness.uexp" 932
"../../../Engine/Plugins/Interchange/Assets/Content/gltf/MaterialInstances/MI_SpecularGlossiness_Blend.uasset" 933
"../../../Engine/Plugins/Interchange/Assets/Content/gltf/MaterialInstances/MI_SpecularGlossiness_Blend.uexp" 934
"../../../Engine/Plugins/Interchange/Assets/Content/gltf/MaterialInstances/MI_SpecularGlossiness_Blend_DS.uasset" 935
"../../../Engine/Plugins/Interchange/Assets/Content/gltf/MaterialInstances/MI_SpecularGlossiness_Blend_DS.uexp" 936
"../../../Engine/Plugins/Interchange/Assets/Content/gltf/MaterialInstances/MI_SpecularGlossiness_Mask.uasset" 937
"../../../Engine/Plugins/Interchange/Assets/Content/gltf/MaterialInstances/MI_SpecularGlossiness_Mask.uexp" 938
"../../../Engine/Plugins/Interchange/Assets/Content/gltf/MaterialInstances/MI_SpecularGlossiness_Mask_DS.uasset" 939
"../../../Engine/Plugins/Interchange/Assets/Content/gltf/MaterialInstances/MI_SpecularGlossiness_Mask_DS.uexp" 940
"../../../Engine/Plugins/Interchange/Assets/Content/gltf/MaterialInstances/MI_SpecularGlossiness_Opaque.uasset" 941
"../../../Engine/Plugins/Interchange/Assets/Content/gltf/MaterialInstances/MI_SpecularGlossiness_Opaque.uexp" 942
"../../../Engine/Plugins/Interchange/Assets/Content/gltf/MaterialInstances/MI_SpecularGlossiness_Opaque_DS.uasset" 943
"../../../Engine/Plugins/Interchange/Assets/Content/gltf/MaterialInstances/MI_SpecularGlossiness_Opaque_DS.uexp" 944
"../../../Engine/Content/EngineMaterials/Good64x64TilingNoiseHighFreq.uasset" 945
"../../../Engine/Content/EngineMaterials/Good64x64TilingNoiseHighFreq.uexp" 946
"../../../Engine/Content/Functions/Engine_MaterialFunctions02/Texturing/ScreenAlignedPixelToPixelUVs.uasset" 947
"../../../Engine/Content/Functions/Engine_MaterialFunctions02/Texturing/ScreenAlignedPixelToPixelUVs.uexp" 948
"../../../Engine/Plugins/Interchange/Assets/Content/gltf/MaterialFunctions/MF_Fresnel_DS.uasset" 949
"../../../Engine/Plugins/Interchange/Assets/Content/gltf/MaterialFunctions/MF_Fresnel_DS.uexp" 950
"../../../Engine/Plugins/Interchange/Assets/Content/gltf/MaterialFunctions/MF_Temporal_Blur.uasset" 951
"../../../Engine/Plugins/Interchange/Assets/Content/gltf/MaterialFunctions/MF_Temporal_Blur.uexp" 952
"../../../Engine/Plugins/Interchange/Assets/Content/gltf/MaterialFunctions/MF_Transmission.uasset" 953
"../../../Engine/Plugins/Interchange/Assets/Content/gltf/MaterialFunctions/MF_Transmission.uexp" 954
"../../../Engine/Plugins/Interchange/Assets/Content/gltf/MaterialBodies/MF_Transmission_Body.uasset" 955
"../../../Engine/Plugins/Interchange/Assets/Content/gltf/MaterialBodies/MF_Transmission_Body.uexp" 956
"../../../Engine/Plugins/Interchange/Assets/Content/gltf/M_Transmission.uasset" 957
"../../../Engine/Plugins/Interchange/Assets/Content/gltf/M_Transmission.uexp" 958
"../../../Engine/Plugins/Interchange/Assets/Content/gltf/MaterialInstances/MI_Transmission.uasset" 959
"../../../Engine/Plugins/Interchange/Assets/Content/gltf/MaterialInstances/MI_Transmission.uexp" 960
"../../../Engine/Plugins/Interchange/Assets/Content/gltf/MaterialInstances/MI_Transmission_DS.uasset" 961
"../../../Engine/Plugins/Interchange/Assets/Content/gltf/MaterialInstances/MI_Transmission_DS.uexp" 962
"../../../Engine/Plugins/Interchange/Assets/Content/gltf/MaterialBodies/MF_Unlit_Body.uasset" 963
"../../../Engine/Plugins/Interchange/Assets/Content/gltf/MaterialBodies/MF_Unlit_Body.uexp" 964
"../../../Engine/Plugins/Interchange/Assets/Content/gltf/M_Unlit.uasset" 965
"../../../Engine/Plugins/Interchange/Assets/Content/gltf/M_Unlit.uexp" 966
"../../../Engine/Plugins/Interchange/Assets/Content/gltf/MaterialInstances/MI_Unlit_Blend.uasset" 967
"../../../Engine/Plugins/Interchange/Assets/Content/gltf/MaterialInstances/MI_Unlit_Blend.uexp" 968
"../../../Engine/Plugins/Interchange/Assets/Content/gltf/MaterialInstances/MI_Unlit_Blend_DS.uasset" 969
"../../../Engine/Plugins/Interchange/Assets/Content/gltf/MaterialInstances/MI_Unlit_Blend_DS.uexp" 970
"../../../Engine/Plugins/Interchange/Assets/Content/gltf/MaterialInstances/MI_Unlit_Mask.uasset" 971
"../../../Engine/Plugins/Interchange/Assets/Content/gltf/MaterialInstances/MI_Unlit_Mask.uexp" 972
"../../../Engine/Plugins/Interchange/Assets/Content/gltf/MaterialInstances/MI_Unlit_Mask_DS.uasset" 973
"../../../Engine/Plugins/Interchange/Assets/Content/gltf/MaterialInstances/MI_Unlit_Mask_DS.uexp" 974
"../../../Engine/Plugins/Interchange/Assets/Content/gltf/MaterialInstances/MI_Unlit_Opaque.uasset" 975
"../../../Engine/Plugins/Interchange/Assets/Content/gltf/MaterialInstances/MI_Unlit_Opaque.uexp" 976
"../../../Engine/Plugins/Interchange/Assets/Content/gltf/MaterialInstances/MI_Unlit_Opaque_DS.uasset" 977
"../../../Engine/Plugins/Interchange/Assets/Content/gltf/MaterialInstances/MI_Unlit_Opaque_DS.uexp" 978
"../../../Engine/Content/EngineMaterials/WeightMapPlaceholderTexture.uasset" 979
"../../../Engine/Content/EngineMaterials/WeightMapPlaceholderTexture.uexp" 980
"../../../Engine/Content/EngineMaterials/WeightMapArrayPlaceholderTexture.uasset" 981
"../../../Engine/Content/EngineMaterials/WeightMapArrayPlaceholderTexture.uexp" 982
"../../../Engine/Content/EngineResources/WhiteSquareTexture.uasset" 983
"../../../Engine/Content/EngineResources/WhiteSquareTexture.uexp" 984
"../../../Engine/Content/EngineMaterials/Widget3DPassThrough.uasset" 985
"../../../Engine/Content/EngineMaterials/Widget3DPassThrough.uexp" 986
"../../../Engine/Content/EngineMaterials/Widget3DPassThrough_Masked.uasset" 987
"../../../Engine/Content/EngineMaterials/Widget3DPassThrough_Masked.uexp" 988
"../../../Engine/Content/EngineMaterials/Widget3DPassThrough_Opaque.uasset" 989
"../../../Engine/Content/EngineMaterials/Widget3DPassThrough_Opaque.uexp" 990
"../../../Engine/Content/EngineMaterials/Widget3DPassThrough_Masked_OneSided.uasset" 991
"../../../Engine/Content/EngineMaterials/Widget3DPassThrough_Masked_OneSided.uexp" 992
"../../../Engine/Content/EngineMaterials/Widget3DPassThrough_Opaque_OneSided.uasset" 993
"../../../Engine/Content/EngineMaterials/Widget3DPassThrough_Opaque_OneSided.uexp" 994
"../../../Engine/Content/EngineMaterials/Widget3DPassThrough_Translucent.uasset" 995
"../../../Engine/Content/EngineMaterials/Widget3DPassThrough_Translucent.uexp" 996
"../../../Engine/Content/EngineMaterials/Widget3DPassThrough_Translucent_OneSided.uasset" 997
"../../../Engine/Content/EngineMaterials/Widget3DPassThrough_Translucent_OneSided.uexp" 998
"../../../Engine/Content/EngineResources/LandscapeVisibilityLayerInfo.uasset" 999
"../../../Engine/Content/EngineResources/LandscapeVisibilityLayerInfo.uexp" 1000
"../../../Engine/Content/VREditor/Sounds/UI/Drop_Item_From_ContentBrowser.ubulk" 1001
"../../../Engine/Content/VREditor/Sounds/UI/Drop_Item_From_ContentBrowser.uasset" 1002
"../../../Engine/Content/VREditor/Sounds/UI/Drop_Item_From_ContentBrowser.uexp" 1003
"../../../Engine/Content/VREditor/TransformGizmo/TransformGizmoMaterial_Inst.uasset" 1004
"../../../Engine/Content/VREditor/TransformGizmo/TransformGizmoMaterial_Inst.uexp" 1005
"../../../Engine/Content/VREditor/TransformGizmo/TranslucentTransformGizmoMaterial_Inst.uasset" 1006
"../../../Engine/Content/VREditor/TransformGizmo/TranslucentTransformGizmoMaterial_Inst.uexp" 1007
"../../../Engine/Content/Functions/Engine_MaterialFunctions02/SplitComponents.uasset" 1008
"../../../Engine/Content/Functions/Engine_MaterialFunctions02/SplitComponents.uexp" 1009
"../../../Engine/Content/VREditor/SnapGrid/SnapGridMaterial.uasset" 1010
"../../../Engine/Content/VREditor/SnapGrid/SnapGridMaterial.uexp" 1011
"../../../Engine/Content/VREditor/SnapGrid/SnapGridPlaneMesh.ubulk" 1012
"../../../Engine/Content/VREditor/SnapGrid/SnapGridPlaneMesh.uasset" 1013
"../../../Engine/Content/VREditor/SnapGrid/SnapGridPlaneMesh.uexp" 1014
"../../../Engine/Content/VREditor/Sounds/UI/Gizmo_Handle_Clicked.ubulk" 1015
"../../../Engine/Content/VREditor/Sounds/UI/Gizmo_Handle_Clicked.uasset" 1016
"../../../Engine/Content/VREditor/Sounds/UI/Gizmo_Handle_Clicked.uexp" 1017
"../../../Engine/Content/VREditor/Sounds/UI/Object_PickUp.ubulk" 1018
"../../../Engine/Content/VREditor/Sounds/UI/Object_PickUp.uasset" 1019
"../../../Engine/Content/VREditor/Sounds/UI/Object_PickUp.uexp" 1020
"../../../Engine/Content/VREditor/Sounds/UI/Object_Snaps_To_Another_Actor.ubulk" 1021
"../../../Engine/Content/VREditor/Sounds/UI/Object_Snaps_To_Another_Actor.uasset" 1022
"../../../Engine/Content/VREditor/Sounds/UI/Object_Snaps_To_Another_Actor.uexp" 1023
"../../../Engine/Content/VREditor/Sounds/UI/Object_Snaps_To_Grid.ubulk" 1024
"../../../Engine/Content/VREditor/Sounds/UI/Object_Snaps_To_Grid.uasset" 1025
"../../../Engine/Content/VREditor/Sounds/UI/Object_Snaps_To_Grid.uexp" 1026
"../../../Engine/Content/VREditor/Sounds/UI/Scaling_Down.ubulk" 1027
"../../../Engine/Content/VREditor/Sounds/UI/Scaling_Down.uasset" 1028
"../../../Engine/Content/VREditor/Sounds/UI/Scaling_Down.uexp" 1029
"../../../Engine/Content/VREditor/Sounds/UI/Scaling_Up.ubulk" 1030
"../../../Engine/Content/VREditor/Sounds/UI/Scaling_Up.uasset" 1031
"../../../Engine/Content/VREditor/Sounds/UI/Scaling_Up.uexp" 1032
"../../../Engine/Content/VREditor/Sounds/UI/Selection_Changes.ubulk" 1033
"../../../Engine/Content/VREditor/Sounds/UI/Selection_Changes.uasset" 1034
"../../../Engine/Content/VREditor/Sounds/UI/Selection_Changes.uexp" 1035
"../../../Engine/Content/VREditor/TransformGizmo/PlaneTranslationHandle.ubulk" 1036
"../../../Engine/Content/VREditor/TransformGizmo/PlaneTranslationHandle.uasset" 1037
"../../../Engine/Content/VREditor/TransformGizmo/PlaneTranslationHandle.uexp" 1038
"../../../Engine/Content/VREditor/TransformGizmo/RotationHandleFull.ubulk" 1039
"../../../Engine/Content/VREditor/TransformGizmo/RotationHandleFull.uasset" 1040
"../../../Engine/Content/VREditor/TransformGizmo/RotationHandleFull.uexp" 1041
"../../../Engine/Content/VREditor/TransformGizmo/RotationHandleIndicator.ubulk" 1042
"../../../Engine/Content/VREditor/TransformGizmo/RotationHandleIndicator.uasset" 1043
"../../../Engine/Content/VREditor/TransformGizmo/RotationHandleIndicator.uexp" 1044
"../../../Engine/Content/VREditor/TransformGizmo/RotationHandleQuarter.ubulk" 1045
"../../../Engine/Content/VREditor/TransformGizmo/RotationHandleQuarter.uasset" 1046
"../../../Engine/Content/VREditor/TransformGizmo/RotationHandleQuarter.uexp" 1047
"../../../Engine/Content/VREditor/TransformGizmo/StartRotationHandleIndicator.ubulk" 1048
"../../../Engine/Content/VREditor/TransformGizmo/StartRotationHandleIndicator.uasset" 1049
"../../../Engine/Content/VREditor/TransformGizmo/StartRotationHandleIndicator.uexp" 1050
"../../../Engine/Content/VREditor/TransformGizmo/TransformGizmoFreeRotation.ubulk" 1051
"../../../Engine/Content/VREditor/TransformGizmo/TransformGizmoFreeRotation.uasset" 1052
"../../../Engine/Content/VREditor/TransformGizmo/TransformGizmoFreeRotation.uexp" 1053
"../../../Engine/Content/VREditor/TransformGizmo/TranslateArrowHandle.ubulk" 1054
"../../../Engine/Content/VREditor/TransformGizmo/TranslateArrowHandle.uasset" 1055
"../../../Engine/Content/VREditor/TransformGizmo/TranslateArrowHandle.uexp" 1056
"../../../Engine/Content/VREditor/TransformGizmo/UniformScaleHandle.ubulk" 1057
"../../../Engine/Content/VREditor/TransformGizmo/UniformScaleHandle.uasset" 1058
"../../../Engine/Content/VREditor/TransformGizmo/UniformScaleHandle.uexp" 1059
"../../../Engine/Plugins/Animation/ControlRig/Content/Controls/ControlRig_Arrow2_1mm.ubulk" 1060
"../../../Engine/Plugins/Animation/ControlRig/Content/Controls/ControlRig_Arrow2_1mm.uasset" 1061
"../../../Engine/Plugins/Animation/ControlRig/Content/Controls/ControlRig_Arrow2_1mm.uexp" 1062
"../../../Engine/Plugins/Animation/ControlRig/Content/Controls/ControlRig_Arrow2_3mm.ubulk" 1063
"../../../Engine/Plugins/Animation/ControlRig/Content/Controls/ControlRig_Arrow2_3mm.uasset" 1064
"../../../Engine/Plugins/Animation/ControlRig/Content/Controls/ControlRig_Arrow2_3mm.uexp" 1065
"../../../Engine/Plugins/Animation/ControlRig/Content/Controls/ControlRig_Arrow2_solid.ubulk" 1066
"../../../Engine/Plugins/Animation/ControlRig/Content/Controls/ControlRig_Arrow2_solid.uasset" 1067
"../../../Engine/Plugins/Animation/ControlRig/Content/Controls/ControlRig_Arrow2_solid.uexp" 1068
"../../../Engine/Plugins/Animation/ControlRig/Content/Controls/ControlRig_Arrow4_1mm.ubulk" 1069
"../../../Engine/Plugins/Animation/ControlRig/Content/Controls/ControlRig_Arrow4_1mm.uasset" 1070
"../../../Engine/Plugins/Animation/ControlRig/Content/Controls/ControlRig_Arrow4_1mm.uexp" 1071
"../../../Engine/Plugins/Animation/ControlRig/Content/Controls/ControlRig_Arrow4_3mm.ubulk" 1072
"../../../Engine/Plugins/Animation/ControlRig/Content/Controls/ControlRig_Arrow4_3mm.uasset" 1073
"../../../Engine/Plugins/Animation/ControlRig/Content/Controls/ControlRig_Arrow4_3mm.uexp" 1074
"../../../Engine/Plugins/Animation/ControlRig/Content/Controls/ControlRig_Arrow4_solid.ubulk" 1075
"../../../Engine/Plugins/Animation/ControlRig/Content/Controls/ControlRig_Arrow4_solid.uasset" 1076
"../../../Engine/Plugins/Animation/ControlRig/Content/Controls/ControlRig_Arrow4_solid.uexp" 1077
"../../../Engine/Plugins/Animation/ControlRig/Content/Controls/ControlRig_Arrow_1mm.ubulk" 1078
"../../../Engine/Plugins/Animation/ControlRig/Content/Controls/ControlRig_Arrow_1mm.uasset" 1079
"../../../Engine/Plugins/Animation/ControlRig/Content/Controls/ControlRig_Arrow_1mm.uexp" 1080
"../../../Engine/Plugins/Animation/ControlRig/Content/Controls/ControlRig_Arrow_3mm.ubulk" 1081
"../../../Engine/Plugins/Animation/ControlRig/Content/Controls/ControlRig_Arrow_3mm.uasset" 1082
"../../../Engine/Plugins/Animation/ControlRig/Content/Controls/ControlRig_Arrow_3mm.uexp" 1083
"../../../Engine/Plugins/Animation/ControlRig/Content/Controls/ControlRig_Arrow_solid.ubulk" 1084
"../../../Engine/Plugins/Animation/ControlRig/Content/Controls/ControlRig_Arrow_solid.uasset" 1085
"../../../Engine/Plugins/Animation/ControlRig/Content/Controls/ControlRig_Arrow_solid.uexp" 1086
"../../../Engine/Plugins/Animation/ControlRig/Content/Controls/ControlRig_Box_1mm.ubulk" 1087
"../../../Engine/Plugins/Animation/ControlRig/Content/Controls/ControlRig_Box_1mm.uasset" 1088
"../../../Engine/Plugins/Animation/ControlRig/Content/Controls/ControlRig_Box_1mm.uexp" 1089
"../../../Engine/Plugins/Animation/ControlRig/Content/Controls/ControlRig_Box_3mm.ubulk" 1090
"../../../Engine/Plugins/Animation/ControlRig/Content/Controls/ControlRig_Box_3mm.uasset" 1091
"../../../Engine/Plugins/Animation/ControlRig/Content/Controls/ControlRig_Box_3mm.uexp" 1092
"../../../Engine/Plugins/Animation/ControlRig/Content/Controls/ControlRig_Box_solid.ubulk" 1093
"../../../Engine/Plugins/Animation/ControlRig/Content/Controls/ControlRig_Box_solid.uasset" 1094
"../../../Engine/Plugins/Animation/ControlRig/Content/Controls/ControlRig_Box_solid.uexp" 1095
"../../../Engine/Plugins/Animation/ControlRig/Content/Controls/ControlRig_Circle_1mm.ubulk" 1096
"../../../Engine/Plugins/Animation/ControlRig/Content/Controls/ControlRig_Circle_1mm.uasset" 1097
"../../../Engine/Plugins/Animation/ControlRig/Content/Controls/ControlRig_Circle_1mm.uexp" 1098
"../../../Engine/Plugins/Animation/ControlRig/Content/Controls/ControlRig_Circle_3mm.ubulk" 1099
"../../../Engine/Plugins/Animation/ControlRig/Content/Controls/ControlRig_Circle_3mm.uasset" 1100
"../../../Engine/Plugins/Animation/ControlRig/Content/Controls/ControlRig_Circle_3mm.uexp" 1101
"../../../Engine/Plugins/Animation/ControlRig/Content/Controls/ControlRig_Circle_solid.ubulk" 1102
"../../../Engine/Plugins/Animation/ControlRig/Content/Controls/ControlRig_Circle_solid.uasset" 1103
"../../../Engine/Plugins/Animation/ControlRig/Content/Controls/ControlRig_Circle_solid.uexp" 1104
"../../../Engine/Plugins/Animation/ControlRig/Content/Controls/ControlRig_Diamond_1mm.ubulk" 1105
"../../../Engine/Plugins/Animation/ControlRig/Content/Controls/ControlRig_Diamond_1mm.uasset" 1106
"../../../Engine/Plugins/Animation/ControlRig/Content/Controls/ControlRig_Diamond_1mm.uexp" 1107
"../../../Engine/Plugins/Animation/ControlRig/Content/Controls/ControlRig_Diamond_3mm.ubulk" 1108
"../../../Engine/Plugins/Animation/ControlRig/Content/Controls/ControlRig_Diamond_3mm.uasset" 1109
"../../../Engine/Plugins/Animation/ControlRig/Content/Controls/ControlRig_Diamond_3mm.uexp" 1110
"../../../Engine/Plugins/Animation/ControlRig/Content/Controls/ControlRig_Diamond_solid.ubulk" 1111
"../../../Engine/Plugins/Animation/ControlRig/Content/Controls/ControlRig_Diamond_solid.uasset" 1112
"../../../Engine/Plugins/Animation/ControlRig/Content/Controls/ControlRig_Diamond_solid.uexp" 1113
"../../../Engine/Plugins/Animation/ControlRig/Content/Controls/ControlRig_HalfCircle_1mm.ubulk" 1114
"../../../Engine/Plugins/Animation/ControlRig/Content/Controls/ControlRig_HalfCircle_1mm.uasset" 1115
"../../../Engine/Plugins/Animation/ControlRig/Content/Controls/ControlRig_HalfCircle_1mm.uexp" 1116
"../../../Engine/Plugins/Animation/ControlRig/Content/Controls/ControlRig_HalfCircle_3mm.ubulk" 1117
"../../../Engine/Plugins/Animation/ControlRig/Content/Controls/ControlRig_HalfCircle_3mm.uasset" 1118
"../../../Engine/Plugins/Animation/ControlRig/Content/Controls/ControlRig_HalfCircle_3mm.uexp" 1119
"../../../Engine/Plugins/Animation/ControlRig/Content/Controls/ControlRig_HalfCircle_solid.ubulk" 1120
"../../../Engine/Plugins/Animation/ControlRig/Content/Controls/ControlRig_HalfCircle_solid.uasset" 1121
"../../../Engine/Plugins/Animation/ControlRig/Content/Controls/ControlRig_HalfCircle_solid.uexp" 1122
"../../../Engine/Plugins/Animation/ControlRig/Content/Controls/ControlRig_Hexagon_1mm.ubulk" 1123
"../../../Engine/Plugins/Animation/ControlRig/Content/Controls/ControlRig_Hexagon_1mm.uasset" 1124
"../../../Engine/Plugins/Animation/ControlRig/Content/Controls/ControlRig_Hexagon_1mm.uexp" 1125
"../../../Engine/Plugins/Animation/ControlRig/Content/Controls/ControlRig_Hexagon_3mm.ubulk" 1126
"../../../Engine/Plugins/Animation/ControlRig/Content/Controls/ControlRig_Hexagon_3mm.uasset" 1127
"../../../Engine/Plugins/Animation/ControlRig/Content/Controls/ControlRig_Hexagon_3mm.uexp" 1128
"../../../Engine/Plugins/Animation/ControlRig/Content/Controls/ControlRig_Hexagon_solid.ubulk" 1129
"../../../Engine/Plugins/Animation/ControlRig/Content/Controls/ControlRig_Hexagon_solid.uasset" 1130
"../../../Engine/Plugins/Animation/ControlRig/Content/Controls/ControlRig_Hexagon_solid.uexp" 1131
"../../../Engine/Plugins/Animation/ControlRig/Content/Controls/ControlRig_Octagon_1mm.ubulk" 1132
"../../../Engine/Plugins/Animation/ControlRig/Content/Controls/ControlRig_Octagon_1mm.uasset" 1133
"../../../Engine/Plugins/Animation/ControlRig/Content/Controls/ControlRig_Octagon_1mm.uexp" 1134
"../../../Engine/Plugins/Animation/ControlRig/Content/Controls/ControlRig_Octagon_3mm.ubulk" 1135
"../../../Engine/Plugins/Animation/ControlRig/Content/Controls/ControlRig_Octagon_3mm.uasset" 1136
"../../../Engine/Plugins/Animation/ControlRig/Content/Controls/ControlRig_Octagon_3mm.uexp" 1137
"../../../Engine/Plugins/Animation/ControlRig/Content/Controls/ControlRig_Octagon_solid.ubulk" 1138
"../../../Engine/Plugins/Animation/ControlRig/Content/Controls/ControlRig_Octagon_solid.uasset" 1139
"../../../Engine/Plugins/Animation/ControlRig/Content/Controls/ControlRig_Octagon_solid.uexp" 1140
"../../../Engine/Plugins/Animation/ControlRig/Content/Controls/ControlRig_Pyramid_1mm.ubulk" 1141
"../../../Engine/Plugins/Animation/ControlRig/Content/Controls/ControlRig_Pyramid_1mm.uasset" 1142
"../../../Engine/Plugins/Animation/ControlRig/Content/Controls/ControlRig_Pyramid_1mm.uexp" 1143
"../../../Engine/Plugins/Animation/ControlRig/Content/Controls/ControlRig_Pyramid_3mm.ubulk" 1144
"../../../Engine/Plugins/Animation/ControlRig/Content/Controls/ControlRig_Pyramid_3mm.uasset" 1145
"../../../Engine/Plugins/Animation/ControlRig/Content/Controls/ControlRig_Pyramid_3mm.uexp" 1146
"../../../Engine/Plugins/Animation/ControlRig/Content/Controls/ControlRig_Pyramid_solid.ubulk" 1147
"../../../Engine/Plugins/Animation/ControlRig/Content/Controls/ControlRig_Pyramid_solid.uasset" 1148
"../../../Engine/Plugins/Animation/ControlRig/Content/Controls/ControlRig_Pyramid_solid.uexp" 1149
"../../../Engine/Plugins/Animation/ControlRig/Content/Controls/ControlRig_QuarterCircle_1mm.ubulk" 1150
"../../../Engine/Plugins/Animation/ControlRig/Content/Controls/ControlRig_QuarterCircle_1mm.uasset" 1151
"../../../Engine/Plugins/Animation/ControlRig/Content/Controls/ControlRig_QuarterCircle_1mm.uexp" 1152
"../../../Engine/Plugins/Animation/ControlRig/Content/Controls/ControlRig_QuarterCircle_3mm.ubulk" 1153
"../../../Engine/Plugins/Animation/ControlRig/Content/Controls/ControlRig_QuarterCircle_3mm.uasset" 1154
"../../../Engine/Plugins/Animation/ControlRig/Content/Controls/ControlRig_QuarterCircle_3mm.uexp" 1155
"../../../Engine/Plugins/Animation/ControlRig/Content/Controls/ControlRig_QuarterCircle_solid.ubulk" 1156
"../../../Engine/Plugins/Animation/ControlRig/Content/Controls/ControlRig_QuarterCircle_solid.uasset" 1157
"../../../Engine/Plugins/Animation/ControlRig/Content/Controls/ControlRig_QuarterCircle_solid.uexp" 1158
"../../../Engine/Plugins/Animation/ControlRig/Content/Controls/ControlRig_RoundedSquare_1mm.ubulk" 1159
"../../../Engine/Plugins/Animation/ControlRig/Content/Controls/ControlRig_RoundedSquare_1mm.uasset" 1160
"../../../Engine/Plugins/Animation/ControlRig/Content/Controls/ControlRig_RoundedSquare_1mm.uexp" 1161
"../../../Engine/Plugins/Animation/ControlRig/Content/Controls/ControlRig_RoundedSquare_3mm.ubulk" 1162
"../../../Engine/Plugins/Animation/ControlRig/Content/Controls/ControlRig_RoundedSquare_3mm.uasset" 1163
"../../../Engine/Plugins/Animation/ControlRig/Content/Controls/ControlRig_RoundedSquare_3mm.uexp" 1164
"../../../Engine/Plugins/Animation/ControlRig/Content/Controls/ControlRig_RoundedSquare_solid.ubulk" 1165
"../../../Engine/Plugins/Animation/ControlRig/Content/Controls/ControlRig_RoundedSquare_solid.uasset" 1166
"../../../Engine/Plugins/Animation/ControlRig/Content/Controls/ControlRig_RoundedSquare_solid.uexp" 1167
"../../../Engine/Plugins/Animation/ControlRig/Content/Controls/ControlRig_RoundedTriangle_1mm.ubulk" 1168
"../../../Engine/Plugins/Animation/ControlRig/Content/Controls/ControlRig_RoundedTriangle_1mm.uasset" 1169
"../../../Engine/Plugins/Animation/ControlRig/Content/Controls/ControlRig_RoundedTriangle_1mm.uexp" 1170
"../../../Engine/Plugins/Animation/ControlRig/Content/Controls/ControlRig_RoundedTriangle_3mm.ubulk" 1171
"../../../Engine/Plugins/Animation/ControlRig/Content/Controls/ControlRig_RoundedTriangle_3mm.uasset" 1172
"../../../Engine/Plugins/Animation/ControlRig/Content/Controls/ControlRig_RoundedTriangle_3mm.uexp" 1173
"../../../Engine/Plugins/Animation/ControlRig/Content/Controls/ControlRig_RoundedTriangle_solid.ubulk" 1174
"../../../Engine/Plugins/Animation/ControlRig/Content/Controls/ControlRig_RoundedTriangle_solid.uasset" 1175
"../../../Engine/Plugins/Animation/ControlRig/Content/Controls/ControlRig_RoundedTriangle_solid.uexp" 1176
"../../../Engine/Plugins/Animation/ControlRig/Content/Controls/ControlRig_Sphere_1mm.ubulk" 1177
"../../../Engine/Plugins/Animation/ControlRig/Content/Controls/ControlRig_Sphere_1mm.uasset" 1178
"../../../Engine/Plugins/Animation/ControlRig/Content/Controls/ControlRig_Sphere_1mm.uexp" 1179
"../../../Engine/Plugins/Animation/ControlRig/Content/Controls/ControlRig_Sphere_3mm.ubulk" 1180
"../../../Engine/Plugins/Animation/ControlRig/Content/Controls/ControlRig_Sphere_3mm.uasset" 1181
"../../../Engine/Plugins/Animation/ControlRig/Content/Controls/ControlRig_Sphere_3mm.uexp" 1182
"../../../Engine/Plugins/Animation/ControlRig/Content/Controls/ControlRig_Sphere_solid.ubulk" 1183
"../../../Engine/Plugins/Animation/ControlRig/Content/Controls/ControlRig_Sphere_solid.uasset" 1184
"../../../Engine/Plugins/Animation/ControlRig/Content/Controls/ControlRig_Sphere_solid.uexp" 1185
"../../../Engine/Plugins/Animation/ControlRig/Content/Controls/ControlRig_Square_1mm.ubulk" 1186
"../../../Engine/Plugins/Animation/ControlRig/Content/Controls/ControlRig_Square_1mm.uasset" 1187
"../../../Engine/Plugins/Animation/ControlRig/Content/Controls/ControlRig_Square_1mm.uexp" 1188
"../../../Engine/Plugins/Animation/ControlRig/Content/Controls/ControlRig_Square_3mm.ubulk" 1189
"../../../Engine/Plugins/Animation/ControlRig/Content/Controls/ControlRig_Square_3mm.uasset" 1190
"../../../Engine/Plugins/Animation/ControlRig/Content/Controls/ControlRig_Square_3mm.uexp" 1191
"../../../Engine/Plugins/Animation/ControlRig/Content/Controls/ControlRig_Square_solid.ubulk" 1192
"../../../Engine/Plugins/Animation/ControlRig/Content/Controls/ControlRig_Square_solid.uasset" 1193
"../../../Engine/Plugins/Animation/ControlRig/Content/Controls/ControlRig_Square_solid.uexp" 1194
"../../../Engine/Plugins/Animation/ControlRig/Content/Controls/ControlRig_Star4_1mm.ubulk" 1195
"../../../Engine/Plugins/Animation/ControlRig/Content/Controls/ControlRig_Star4_1mm.uasset" 1196
"../../../Engine/Plugins/Animation/ControlRig/Content/Controls/ControlRig_Star4_1mm.uexp" 1197
"../../../Engine/Plugins/Animation/ControlRig/Content/Controls/ControlRig_Star4_3mm.ubulk" 1198
"../../../Engine/Plugins/Animation/ControlRig/Content/Controls/ControlRig_Star4_3mm.uasset" 1199
"../../../Engine/Plugins/Animation/ControlRig/Content/Controls/ControlRig_Star4_3mm.uexp" 1200
"../../../Engine/Plugins/Animation/ControlRig/Content/Controls/ControlRig_Star4_solid.ubulk" 1201
"../../../Engine/Plugins/Animation/ControlRig/Content/Controls/ControlRig_Star4_solid.uasset" 1202
"../../../Engine/Plugins/Animation/ControlRig/Content/Controls/ControlRig_Star4_solid.uexp" 1203
"../../../Engine/Plugins/Animation/ControlRig/Content/Controls/ControlRig_Triangle_1mm.ubulk" 1204
"../../../Engine/Plugins/Animation/ControlRig/Content/Controls/ControlRig_Triangle_1mm.uasset" 1205
"../../../Engine/Plugins/Animation/ControlRig/Content/Controls/ControlRig_Triangle_1mm.uexp" 1206
"../../../Engine/Plugins/Animation/ControlRig/Content/Controls/ControlRig_Triangle_3mm.ubulk" 1207
"../../../Engine/Plugins/Animation/ControlRig/Content/Controls/ControlRig_Triangle_3mm.uasset" 1208
"../../../Engine/Plugins/Animation/ControlRig/Content/Controls/ControlRig_Triangle_3mm.uexp" 1209
"../../../Engine/Plugins/Animation/ControlRig/Content/Controls/ControlRig_Triangle_solid.ubulk" 1210
"../../../Engine/Plugins/Animation/ControlRig/Content/Controls/ControlRig_Triangle_solid.uasset" 1211
"../../../Engine/Plugins/Animation/ControlRig/Content/Controls/ControlRig_Triangle_solid.uexp" 1212
"../../../Engine/Plugins/Animation/ControlRig/Content/Controls/ControlRig_Wedge_1mm.ubulk" 1213
"../../../Engine/Plugins/Animation/ControlRig/Content/Controls/ControlRig_Wedge_1mm.uasset" 1214
"../../../Engine/Plugins/Animation/ControlRig/Content/Controls/ControlRig_Wedge_1mm.uexp" 1215
"../../../Engine/Plugins/Animation/ControlRig/Content/Controls/ControlRig_Wedge_3mm.ubulk" 1216
"../../../Engine/Plugins/Animation/ControlRig/Content/Controls/ControlRig_Wedge_3mm.uasset" 1217
"../../../Engine/Plugins/Animation/ControlRig/Content/Controls/ControlRig_Wedge_3mm.uexp" 1218
"../../../Engine/Plugins/Animation/ControlRig/Content/Controls/ControlRig_Wedge_solid.ubulk" 1219
"../../../Engine/Plugins/Animation/ControlRig/Content/Controls/ControlRig_Wedge_solid.uasset" 1220
"../../../Engine/Plugins/Animation/ControlRig/Content/Controls/ControlRig_Wedge_solid.uexp" 1221
"../../../Engine/Content/EditorLandscapeResources/ColorMaskBrushMaterial.uasset" 1222
"../../../Engine/Content/EditorLandscapeResources/ColorMaskBrushMaterial.uexp" 1223
"../../../Engine/Content/EditorLandscapeResources/ColorMaskBrushMaterial_MaskedRegion.uasset" 1224
"../../../Engine/Content/EditorLandscapeResources/ColorMaskBrushMaterial_MaskedRegion.uexp" 1225
"../../../Engine/Content/Functions/Engine_MaterialFunctions03/Math/WithinRangeFloat2.uasset" 1226
"../../../Engine/Content/Functions/Engine_MaterialFunctions03/Math/WithinRangeFloat2.uexp" 1227
"../../../Engine/Content/EditorLandscapeResources/MaskBrushMaterial.uasset" 1228
"../../../Engine/Content/EditorLandscapeResources/MaskBrushMaterial.uexp" 1229
"../../../Engine/Content/EditorLandscapeResources/MaskBrushMaterial_MaskedRegion.uasset" 1230
"../../../Engine/Content/EditorLandscapeResources/MaskBrushMaterial_MaskedRegion.uexp" 1231
"../../../Engine/Content/EditorLandscapeResources/SelectBrushMaterial.uasset" 1232
"../../../Engine/Content/EditorLandscapeResources/SelectBrushMaterial.uexp" 1233
"../../../Engine/Content/EditorLandscapeResources/SelectBrushMaterial_Selected.uasset" 1234
"../../../Engine/Content/EditorLandscapeResources/SelectBrushMaterial_Selected.uexp" 1235
"../../../Engine/Content/EditorLandscapeResources/SelectBrushMaterial_SelectedRegion.uasset" 1236
"../../../Engine/Content/EditorLandscapeResources/SelectBrushMaterial_SelectedRegion.uexp" 1237
"../../../Engine/Content/EngineMaterials/DefaultMaterial.uasset" 1238
"../../../Engine/Content/EngineMaterials/DefaultMaterial.uexp" 1239
"../../../Engine/Content/BasicShapes/Cone.ubulk" 1240
"../../../Engine/Content/BasicShapes/Cone.uasset" 1241
"../../../Engine/Content/BasicShapes/Cone.uexp" 1242
"../../../Engine/Content/BasicShapes/Cylinder.ubulk" 1243
"../../../Engine/Content/BasicShapes/Cylinder.uasset" 1244
"../../../Engine/Content/BasicShapes/Cylinder.uexp" 1245
"../../../Engine/Content/BasicShapes/Plane.ubulk" 1246
"../../../Engine/Content/BasicShapes/Plane.uasset" 1247
"../../../Engine/Content/BasicShapes/Plane.uexp" 1248
"../../../Engine/Content/BasicShapes/Sphere.ubulk" 1249
"../../../Engine/Content/BasicShapes/Sphere.uasset" 1250
"../../../Engine/Content/BasicShapes/Sphere.uexp" 1251
"../../../Engine/Plugins/Media/MediaPlate/Content/SM_MediaPlateScreen.ubulk" 1252
"../../../Engine/Plugins/Media/MediaPlate/Content/SM_MediaPlateScreen.uasset" 1253
"../../../Engine/Plugins/Media/MediaPlate/Content/SM_MediaPlateScreen.uexp" 1254
"../../../Engine/Plugins/NNE/NNEDenoiser/Content/NNE_oidn2-3-0_rt_hdr_alb_nrm_small__dyn__fp16_opset11_DenoiseAlpha.uasset" 1255
"../../../Engine/Plugins/NNE/NNEDenoiser/Content/NNE_oidn2-3-0_rt_hdr_alb_nrm_small__dyn__fp16_opset11_DenoiseAlpha.uexp" 1256
"../../../Engine/Plugins/NNE/NNEDenoiser/Content/NNE_oidn2-3-0_rt_hdr_alb_nrm_small__dyn__fp16_opset11_ForwardAlpha.uasset" 1257
"../../../Engine/Plugins/NNE/NNEDenoiser/Content/NNE_oidn2-3-0_rt_hdr_alb_nrm_small__dyn__fp16_opset11_ForwardAlpha.uexp" 1258
"../../../Engine/Plugins/NNE/NNEDenoiser/Content/NNE_oidn2-3-0_rt_hdr_alb_nrm__dyn__fp16_opset11_DenoiseAlpha.uasset" 1259
"../../../Engine/Plugins/NNE/NNEDenoiser/Content/NNE_oidn2-3-0_rt_hdr_alb_nrm__dyn__fp16_opset11_DenoiseAlpha.uexp" 1260
"../../../Engine/Plugins/NNE/NNEDenoiser/Content/NNE_oidn2-3-0_rt_hdr_alb_nrm__dyn__fp16_opset11_ForwardAlpha.uasset" 1261
"../../../Engine/Plugins/NNE/NNEDenoiser/Content/NNE_oidn2-3-0_rt_hdr_alb_nrm__dyn__fp16_opset11_ForwardAlpha.uexp" 1262
"../../../Engine/Plugins/NNE/NNEDenoiser/Content/NNE_oidn2-3-0_rt_hdr_calb_cnrm_large__dyn__fp16_opset11_DenoiseAlpha.uasset" 1263
"../../../Engine/Plugins/NNE/NNEDenoiser/Content/NNE_oidn2-3-0_rt_hdr_calb_cnrm_large__dyn__fp16_opset11_DenoiseAlpha.uexp" 1264
"../../../Engine/Plugins/NNE/NNEDenoiser/Content/NNE_oidn2-3-0_rt_hdr_calb_cnrm_large__dyn__fp16_opset11_ForwardAlpha.uasset" 1265
"../../../Engine/Plugins/NNE/NNEDenoiser/Content/NNE_oidn2-3-0_rt_hdr_calb_cnrm_large__dyn__fp16_opset11_ForwardAlpha.uexp" 1266
"../../../Engine/Plugins/2D/Paper2D/Content/MaskedUnlitSpriteMaterial.uasset" 1267
"../../../Engine/Plugins/2D/Paper2D/Content/MaskedUnlitSpriteMaterial.uexp" 1268
"../../../Engine/Plugins/2D/Paper2D/Content/OpaqueUnlitSpriteMaterial.uasset" 1269
"../../../Engine/Plugins/2D/Paper2D/Content/OpaqueUnlitSpriteMaterial.uexp" 1270
"../../../Engine/Plugins/Animation/DeformerGraph/Content/DeformerFunctions/DG_Function_LinearBlendSkin_Morph_Cloth.uasset" 1271
"../../../Engine/Plugins/Animation/DeformerGraph/Content/DeformerFunctions/DG_Function_LinearBlendSkin_Morph_Cloth.uexp" 1272
"../../../Engine/Plugins/Animation/DeformerGraph/Content/Deformers/DG_LinearBlendSkin_Morph_Cloth.uasset" 1273
"../../../Engine/Plugins/Animation/DeformerGraph/Content/Deformers/DG_LinearBlendSkin_Morph_Cloth.uexp" 1274
"../../../Engine/Plugins/Animation/DeformerGraph/Content/DeformerFunctions/DG_Function_LinearBlendSkin_Morph_Cloth_PositionOnly.uasset" 1275
"../../../Engine/Plugins/Animation/DeformerGraph/Content/DeformerFunctions/DG_Function_LinearBlendSkin_Morph_Cloth_PositionOnly.uexp" 1276
"../../../Engine/Plugins/Animation/DeformerGraph/Content/DeformerFunctions/DG_Function_ComputeNormalsTangents.uasset" 1277
"../../../Engine/Plugins/Animation/DeformerGraph/Content/DeformerFunctions/DG_Function_ComputeNormalsTangents.uexp" 1278
"../../../Engine/Plugins/Animation/DeformerGraph/Content/Deformers/DG_LinearBlendSkin_Morph_Cloth_RecomputeNormals.uasset" 1279
"../../../Engine/Plugins/Animation/DeformerGraph/Content/Deformers/DG_LinearBlendSkin_Morph_Cloth_RecomputeNormals.uexp" 1280
"../../../Engine/Plugins/NNE/NNEDenoiser/Content/NNEDT_Oidn2-3_Balanced.uasset" 1281
"../../../Engine/Plugins/NNE/NNEDenoiser/Content/NNEDT_Oidn2-3_Balanced.uexp" 1282
"../../../Engine/Plugins/NNE/NNEDenoiser/Content/NNEDT_Oidn2-3_Balanced_Alpha.uasset" 1283
"../../../Engine/Plugins/NNE/NNEDenoiser/Content/NNEDT_Oidn2-3_Balanced_Alpha.uexp" 1284
"../../../Engine/Plugins/NNE/NNEDenoiser/Content/NNED_Oidn2-3_Balanced.uasset" 1285
"../../../Engine/Plugins/NNE/NNEDenoiser/Content/NNED_Oidn2-3_Balanced.uexp" 1286
"../../../Engine/Plugins/NNE/NNEDenoiser/Content/NNED_Oidn2-3_Balanced_Alpha.uasset" 1287
"../../../Engine/Plugins/NNE/NNEDenoiser/Content/NNED_Oidn2-3_Balanced_Alpha.uexp" 1288
"../../../Engine/Plugins/NNE/NNEDenoiser/Content/NNED_Oidn2-3_Fast.uasset" 1289
"../../../Engine/Plugins/NNE/NNEDenoiser/Content/NNED_Oidn2-3_Fast.uexp" 1290
"../../../Engine/Plugins/NNE/NNEDenoiser/Content/NNED_Oidn2-3_Fast_Alpha.uasset" 1291
"../../../Engine/Plugins/NNE/NNEDenoiser/Content/NNED_Oidn2-3_Fast_Alpha.uexp" 1292
"../../../Engine/Plugins/NNE/NNEDenoiser/Content/NNED_Oidn2-3_HighQuality.uasset" 1293
"../../../Engine/Plugins/NNE/NNEDenoiser/Content/NNED_Oidn2-3_HighQuality.uexp" 1294
"../../../Engine/Plugins/NNE/NNEDenoiser/Content/NNED_Oidn2-3_HighQuality_Alpha.uasset" 1295
"../../../Engine/Plugins/NNE/NNEDenoiser/Content/NNED_Oidn2-3_HighQuality_Alpha.uexp" 1296
"../../../Engine/Content/Maps/Entry_BuiltData.uasset" 1297
"../../../Engine/Content/Maps/Entry_BuiltData.uexp" 1298
"../../../Engine/Content/Maps/Entry.uexp" 1299
"../../../Engine/Content/Maps/Entry.umap" 1300
"C:/Users/Caryn/OneDrive - Ulster University/Documents/GitHub/UnlawfulGoodPrototyping/UnlawfulGoodUnreal/Content/Music/MainMenuMusic.ubulk" 1301
"C:/Users/Caryn/OneDrive - Ulster University/Documents/GitHub/UnlawfulGoodPrototyping/UnlawfulGoodUnreal/Content/Music/MainMenuMusic.uasset" 1302
"C:/Users/Caryn/OneDrive - Ulster University/Documents/GitHub/UnlawfulGoodPrototyping/UnlawfulGoodUnreal/Content/Music/MainMenuMusic.uexp" 1303
"C:/Users/Caryn/OneDrive - Ulster University/Documents/GitHub/UnlawfulGoodPrototyping/UnlawfulGoodUnreal/Content/Music/BP_MainMenuMusic.uasset" 1304
"C:/Users/Caryn/OneDrive - Ulster University/Documents/GitHub/UnlawfulGoodPrototyping/UnlawfulGoodUnreal/Content/Music/BP_MainMenuMusic.uexp" 1305
"C:/Users/Caryn/OneDrive - Ulster University/Documents/GitHub/UnlawfulGoodPrototyping/UnlawfulGoodUnreal/Content/UI/Menus/mainmenuartUL.uasset" 1306
"C:/Users/Caryn/OneDrive - Ulster University/Documents/GitHub/UnlawfulGoodPrototyping/UnlawfulGoodUnreal/Content/UI/Menus/mainmenuartUL.uexp" 1307
"C:/Users/Caryn/OneDrive - Ulster University/Documents/GitHub/UnlawfulGoodPrototyping/UnlawfulGoodUnreal/Content/UI/Menus/WB_MainMenu.uasset" 1308
"C:/Users/Caryn/OneDrive - Ulster University/Documents/GitHub/UnlawfulGoodPrototyping/UnlawfulGoodUnreal/Content/UI/Menus/WB_MainMenu.uexp" 1309
"C:/Users/Caryn/OneDrive - Ulster University/Documents/GitHub/UnlawfulGoodPrototyping/UnlawfulGoodUnreal/Content/UI/Menus/BP_MainMenu.uasset" 1310
"C:/Users/Caryn/OneDrive - Ulster University/Documents/GitHub/UnlawfulGoodPrototyping/UnlawfulGoodUnreal/Content/UI/Menus/BP_MainMenu.uexp" 1311
"C:/Users/Caryn/OneDrive - Ulster University/Documents/GitHub/UnlawfulGoodPrototyping/UnlawfulGoodUnreal/Content/Blueprints/Gamemode/GM_MainMenu.uasset" 1312
"C:/Users/Caryn/OneDrive - Ulster University/Documents/GitHub/UnlawfulGoodPrototyping/UnlawfulGoodUnreal/Content/Blueprints/Gamemode/GM_MainMenu.uexp" 1313
"C:/Users/Caryn/OneDrive - Ulster University/Documents/GitHub/UnlawfulGoodPrototyping/UnlawfulGoodUnreal/Content/Levels/MainMenu.uexp" 1314
"C:/Users/Caryn/OneDrive - Ulster University/Documents/GitHub/UnlawfulGoodPrototyping/UnlawfulGoodUnreal/Content/Levels/MainMenu.umap" 1315
"C:/Users/Caryn/OneDrive - Ulster University/Documents/GitHub/UnlawfulGoodPrototyping/UnlawfulGoodUnreal/Content/Music/Floor2Music.ubulk" 1316
"C:/Users/Caryn/OneDrive - Ulster University/Documents/GitHub/UnlawfulGoodPrototyping/UnlawfulGoodUnreal/Content/Music/Floor2Music.uasset" 1317
"C:/Users/Caryn/OneDrive - Ulster University/Documents/GitHub/UnlawfulGoodPrototyping/UnlawfulGoodUnreal/Content/Music/Floor2Music.uexp" 1318
"C:/Users/Caryn/OneDrive - Ulster University/Documents/GitHub/UnlawfulGoodPrototyping/UnlawfulGoodUnreal/Content/Music/BP_Floor2Music.uasset" 1319
"C:/Users/Caryn/OneDrive - Ulster University/Documents/GitHub/UnlawfulGoodPrototyping/UnlawfulGoodUnreal/Content/Music/BP_Floor2Music.uexp" 1320
"C:/Users/Caryn/OneDrive - Ulster University/Documents/GitHub/UnlawfulGoodPrototyping/UnlawfulGoodUnreal/Content/Sprites/Prison/Tilesetv3.uasset" 1321
"C:/Users/Caryn/OneDrive - Ulster University/Documents/GitHub/UnlawfulGoodPrototyping/UnlawfulGoodUnreal/Content/Sprites/Prison/Tilesetv3.uexp" 1322
"C:/Users/Caryn/OneDrive - Ulster University/Documents/GitHub/UnlawfulGoodPrototyping/UnlawfulGoodUnreal/Content/Sprites/Prison/Tilesetv3_TileSet.uasset" 1323
"C:/Users/Caryn/OneDrive - Ulster University/Documents/GitHub/UnlawfulGoodPrototyping/UnlawfulGoodUnreal/Content/Sprites/Prison/Tilesetv3_TileSet.uexp" 1324
"C:/Users/Caryn/OneDrive - Ulster University/Documents/GitHub/UnlawfulGoodPrototyping/UnlawfulGoodUnreal/Content/Blueprints/Level/BP_KillBox.uasset" 1325
"C:/Users/Caryn/OneDrive - Ulster University/Documents/GitHub/UnlawfulGoodPrototyping/UnlawfulGoodUnreal/Content/Blueprints/Level/BP_KillBox.uexp" 1326
"C:/Users/Caryn/OneDrive - Ulster University/Documents/GitHub/UnlawfulGoodPrototyping/UnlawfulGoodUnreal/Content/Blueprints/Level/BP_NextLevel.uasset" 1327
"C:/Users/Caryn/OneDrive - Ulster University/Documents/GitHub/UnlawfulGoodPrototyping/UnlawfulGoodUnreal/Content/Blueprints/Level/BP_NextLevel.uexp" 1328
"C:/Users/Caryn/OneDrive - Ulster University/Documents/GitHub/UnlawfulGoodPrototyping/UnlawfulGoodUnreal/Content/Enemies/Blueprints/arrow.uasset" 1329
"C:/Users/Caryn/OneDrive - Ulster University/Documents/GitHub/UnlawfulGoodPrototyping/UnlawfulGoodUnreal/Content/Enemies/Blueprints/arrow.uexp" 1330
"C:/Users/Caryn/OneDrive - Ulster University/Documents/GitHub/UnlawfulGoodPrototyping/UnlawfulGoodUnreal/Content/Enemies/Blueprints/arrow_Sprite.uasset" 1331
"C:/Users/Caryn/OneDrive - Ulster University/Documents/GitHub/UnlawfulGoodPrototyping/UnlawfulGoodUnreal/Content/Enemies/Blueprints/arrow_Sprite.uexp" 1332
"C:/Users/Caryn/OneDrive - Ulster University/Documents/GitHub/UnlawfulGoodPrototyping/UnlawfulGoodUnreal/Content/Sounds/Pistol_sound.ubulk" 1333
"C:/Users/Caryn/OneDrive - Ulster University/Documents/GitHub/UnlawfulGoodPrototyping/UnlawfulGoodUnreal/Content/Sounds/Pistol_sound.uasset" 1334
"C:/Users/Caryn/OneDrive - Ulster University/Documents/GitHub/UnlawfulGoodPrototyping/UnlawfulGoodUnreal/Content/Sounds/Pistol_sound.uexp" 1335
"C:/Users/Caryn/OneDrive - Ulster University/Documents/GitHub/UnlawfulGoodPrototyping/UnlawfulGoodUnreal/Content/Sounds/Attack_sound.ubulk" 1336
"C:/Users/Caryn/OneDrive - Ulster University/Documents/GitHub/UnlawfulGoodPrototyping/UnlawfulGoodUnreal/Content/Sounds/Attack_sound.uasset" 1337
"C:/Users/Caryn/OneDrive - Ulster University/Documents/GitHub/UnlawfulGoodPrototyping/UnlawfulGoodUnreal/Content/Sounds/Attack_sound.uexp" 1338
"C:/Users/Caryn/OneDrive - Ulster University/Documents/GitHub/UnlawfulGoodPrototyping/UnlawfulGoodUnreal/Content/Affects/BP_ShakeEnemyHit.uasset" 1339
"C:/Users/Caryn/OneDrive - Ulster University/Documents/GitHub/UnlawfulGoodPrototyping/UnlawfulGoodUnreal/Content/Affects/BP_ShakeEnemyHit.uexp" 1340
"C:/Users/Caryn/OneDrive - Ulster University/Documents/GitHub/UnlawfulGoodPrototyping/UnlawfulGoodUnreal/Content/Sounds/stamina-get_sound.ubulk" 1341
"C:/Users/Caryn/OneDrive - Ulster University/Documents/GitHub/UnlawfulGoodPrototyping/UnlawfulGoodUnreal/Content/Sounds/stamina-get_sound.uasset" 1342
"C:/Users/Caryn/OneDrive - Ulster University/Documents/GitHub/UnlawfulGoodPrototyping/UnlawfulGoodUnreal/Content/Sounds/stamina-get_sound.uexp" 1343
"../../../Engine/Content/EditorSounds/Notifications/CompileFailed.ubulk" 1344
"../../../Engine/Content/EditorSounds/Notifications/CompileFailed.uasset" 1345
"../../../Engine/Content/EditorSounds/Notifications/CompileFailed.uexp" 1346
"C:/Users/Caryn/OneDrive - Ulster University/Documents/GitHub/UnlawfulGoodPrototyping/UnlawfulGoodUnreal/Content/UI/HUD/stamina-pickup.uasset" 1347
"C:/Users/Caryn/OneDrive - Ulster University/Documents/GitHub/UnlawfulGoodPrototyping/UnlawfulGoodUnreal/Content/UI/HUD/stamina-pickup.uexp" 1348
"C:/Users/Caryn/OneDrive - Ulster University/Documents/GitHub/UnlawfulGoodPrototyping/UnlawfulGoodUnreal/Content/UI/HUD/stamina-pickup_Sprite.uasset" 1349
"C:/Users/Caryn/OneDrive - Ulster University/Documents/GitHub/UnlawfulGoodPrototyping/UnlawfulGoodUnreal/Content/UI/HUD/stamina-pickup_Sprite.uexp" 1350
"C:/Users/Caryn/OneDrive - Ulster University/Documents/GitHub/UnlawfulGoodPrototyping/UnlawfulGoodUnreal/Content/Blueprints/Level/BP_StaminaPickup.uasset" 1351
"C:/Users/Caryn/OneDrive - Ulster University/Documents/GitHub/UnlawfulGoodPrototyping/UnlawfulGoodUnreal/Content/Blueprints/Level/BP_StaminaPickup.uexp" 1352
"C:/Users/Caryn/OneDrive - Ulster University/Documents/GitHub/UnlawfulGoodPrototyping/UnlawfulGoodUnreal/Content/Enemies/Blueprints/LowLevelEnemy/AS_LLEnemy.uasset" 1353
"C:/Users/Caryn/OneDrive - Ulster University/Documents/GitHub/UnlawfulGoodPrototyping/UnlawfulGoodUnreal/Content/Enemies/Blueprints/LowLevelEnemy/AS_LLEnemy.uexp" 1354
"C:/Users/Caryn/OneDrive - Ulster University/Documents/GitHub/UnlawfulGoodPrototyping/UnlawfulGoodUnreal/Content/Enemies/Sprites/LowLevelEnemy/Gangsters_3_Spritelist.uasset" 1355
"C:/Users/Caryn/OneDrive - Ulster University/Documents/GitHub/UnlawfulGoodPrototyping/UnlawfulGoodUnreal/Content/Enemies/Sprites/LowLevelEnemy/Gangsters_3_Spritelist.uexp" 1356
"C:/Users/Caryn/OneDrive - Ulster University/Documents/GitHub/UnlawfulGoodPrototyping/UnlawfulGoodUnreal/Content/Enemies/Sprites/LowLevelEnemy/Gangsters_3_Spritelist_Sprite_7.uasset" 1357
"C:/Users/Caryn/OneDrive - Ulster University/Documents/GitHub/UnlawfulGoodPrototyping/UnlawfulGoodUnreal/Content/Enemies/Sprites/LowLevelEnemy/Gangsters_3_Spritelist_Sprite_7.uexp" 1358
"C:/Users/Caryn/OneDrive - Ulster University/Documents/GitHub/UnlawfulGoodPrototyping/UnlawfulGoodUnreal/Content/Enemies/Sprites/LowLevelEnemy/Gangsters_3_Spritelist_Sprite_8.uasset" 1359
"C:/Users/Caryn/OneDrive - Ulster University/Documents/GitHub/UnlawfulGoodPrototyping/UnlawfulGoodUnreal/Content/Enemies/Sprites/LowLevelEnemy/Gangsters_3_Spritelist_Sprite_8.uexp" 1360
"C:/Users/Caryn/OneDrive - Ulster University/Documents/GitHub/UnlawfulGoodPrototyping/UnlawfulGoodUnreal/Content/Enemies/Sprites/LowLevelEnemy/Gangsters_3_Spritelist_Sprite_9.uasset" 1361
"C:/Users/Caryn/OneDrive - Ulster University/Documents/GitHub/UnlawfulGoodPrototyping/UnlawfulGoodUnreal/Content/Enemies/Sprites/LowLevelEnemy/Gangsters_3_Spritelist_Sprite_9.uexp" 1362
"C:/Users/Caryn/OneDrive - Ulster University/Documents/GitHub/UnlawfulGoodPrototyping/UnlawfulGoodUnreal/Content/Enemies/Sprites/LowLevelEnemy/Gangsters_3_Spritelist_Sprite_10.uasset" 1363
"C:/Users/Caryn/OneDrive - Ulster University/Documents/GitHub/UnlawfulGoodPrototyping/UnlawfulGoodUnreal/Content/Enemies/Sprites/LowLevelEnemy/Gangsters_3_Spritelist_Sprite_10.uexp" 1364
"C:/Users/Caryn/OneDrive - Ulster University/Documents/GitHub/UnlawfulGoodPrototyping/UnlawfulGoodUnreal/Content/Enemies/Sprites/LowLevelEnemy/Gangsters_3_Spritelist_Sprite_11.uasset" 1365
"C:/Users/Caryn/OneDrive - Ulster University/Documents/GitHub/UnlawfulGoodPrototyping/UnlawfulGoodUnreal/Content/Enemies/Sprites/LowLevelEnemy/Gangsters_3_Spritelist_Sprite_11.uexp" 1366
"C:/Users/Caryn/OneDrive - Ulster University/Documents/GitHub/UnlawfulGoodPrototyping/UnlawfulGoodUnreal/Content/Enemies/Sprites/LowLevelEnemy/Gangsters_3_Spritelist_Sprite_12.uasset" 1367
"C:/Users/Caryn/OneDrive - Ulster University/Documents/GitHub/UnlawfulGoodPrototyping/UnlawfulGoodUnreal/Content/Enemies/Sprites/LowLevelEnemy/Gangsters_3_Spritelist_Sprite_12.uexp" 1368
"C:/Users/Caryn/OneDrive - Ulster University/Documents/GitHub/UnlawfulGoodPrototyping/UnlawfulGoodUnreal/Content/Enemies/Sprites/LowLevelEnemy/Gangsters_3_Spritelist_Sprite_13.uasset" 1369
"C:/Users/Caryn/OneDrive - Ulster University/Documents/GitHub/UnlawfulGoodPrototyping/UnlawfulGoodUnreal/Content/Enemies/Sprites/LowLevelEnemy/Gangsters_3_Spritelist_Sprite_13.uexp" 1370
"C:/Users/Caryn/OneDrive - Ulster University/Documents/GitHub/UnlawfulGoodPrototyping/UnlawfulGoodUnreal/Content/Enemies/Sprites/LowLevelEnemy/Gangsters_3_Spritelist_Sprite_14.uasset" 1371
"C:/Users/Caryn/OneDrive - Ulster University/Documents/GitHub/UnlawfulGoodPrototyping/UnlawfulGoodUnreal/Content/Enemies/Sprites/LowLevelEnemy/Gangsters_3_Spritelist_Sprite_14.uexp" 1372
"C:/Users/Caryn/OneDrive - Ulster University/Documents/GitHub/UnlawfulGoodPrototyping/UnlawfulGoodUnreal/Content/Enemies/Sprites/LowLevelEnemy/Gangsters_3_Spritelist_Sprite_15.uasset" 1373
"C:/Users/Caryn/OneDrive - Ulster University/Documents/GitHub/UnlawfulGoodPrototyping/UnlawfulGoodUnreal/Content/Enemies/Sprites/LowLevelEnemy/Gangsters_3_Spritelist_Sprite_15.uexp" 1374
"C:/Users/Caryn/OneDrive - Ulster University/Documents/GitHub/UnlawfulGoodPrototyping/UnlawfulGoodUnreal/Content/Enemies/Sprites/LowLevelEnemy/Gangsters_3_Spritelist_Sprite_16.uasset" 1375
"C:/Users/Caryn/OneDrive - Ulster University/Documents/GitHub/UnlawfulGoodPrototyping/UnlawfulGoodUnreal/Content/Enemies/Sprites/LowLevelEnemy/Gangsters_3_Spritelist_Sprite_16.uexp" 1376
"C:/Users/Caryn/OneDrive - Ulster University/Documents/GitHub/UnlawfulGoodPrototyping/UnlawfulGoodUnreal/Content/Enemies/Sprites/Flipbooks/LowLevelEnemy/FB_Walk.uasset" 1377
"C:/Users/Caryn/OneDrive - Ulster University/Documents/GitHub/UnlawfulGoodPrototyping/UnlawfulGoodUnreal/Content/Enemies/Sprites/Flipbooks/LowLevelEnemy/FB_Walk.uexp" 1378
"C:/Users/Caryn/OneDrive - Ulster University/Documents/GitHub/UnlawfulGoodPrototyping/UnlawfulGoodUnreal/Content/Enemies/Blueprints/AnimSequences/Walk.uasset" 1379
"C:/Users/Caryn/OneDrive - Ulster University/Documents/GitHub/UnlawfulGoodPrototyping/UnlawfulGoodUnreal/Content/Enemies/Blueprints/AnimSequences/Walk.uexp" 1380
"C:/Users/Caryn/OneDrive - Ulster University/Documents/GitHub/UnlawfulGoodPrototyping/UnlawfulGoodUnreal/Content/Enemies/Sprites/LowLevelEnemy/Gangsters_3_Spritelist_Sprite_54.uasset" 1381
"C:/Users/Caryn/OneDrive - Ulster University/Documents/GitHub/UnlawfulGoodPrototyping/UnlawfulGoodUnreal/Content/Enemies/Sprites/LowLevelEnemy/Gangsters_3_Spritelist_Sprite_54.uexp" 1382
"C:/Users/Caryn/OneDrive - Ulster University/Documents/GitHub/UnlawfulGoodPrototyping/UnlawfulGoodUnreal/Content/Enemies/Sprites/LowLevelEnemy/Gangsters_3_Spritelist_Sprite_55.uasset" 1383
"C:/Users/Caryn/OneDrive - Ulster University/Documents/GitHub/UnlawfulGoodPrototyping/UnlawfulGoodUnreal/Content/Enemies/Sprites/LowLevelEnemy/Gangsters_3_Spritelist_Sprite_55.uexp" 1384
"C:/Users/Caryn/OneDrive - Ulster University/Documents/GitHub/UnlawfulGoodPrototyping/UnlawfulGoodUnreal/Content/Enemies/Sprites/LowLevelEnemy/Gangsters_3_Spritelist_Sprite_56.uasset" 1385
"C:/Users/Caryn/OneDrive - Ulster University/Documents/GitHub/UnlawfulGoodPrototyping/UnlawfulGoodUnreal/Content/Enemies/Sprites/LowLevelEnemy/Gangsters_3_Spritelist_Sprite_56.uexp" 1386
"C:/Users/Caryn/OneDrive - Ulster University/Documents/GitHub/UnlawfulGoodPrototyping/UnlawfulGoodUnreal/Content/Enemies/Sprites/LowLevelEnemy/Gangsters_3_Spritelist_Sprite_57.uasset" 1387
"C:/Users/Caryn/OneDrive - Ulster University/Documents/GitHub/UnlawfulGoodPrototyping/UnlawfulGoodUnreal/Content/Enemies/Sprites/LowLevelEnemy/Gangsters_3_Spritelist_Sprite_57.uexp" 1388
"C:/Users/Caryn/OneDrive - Ulster University/Documents/GitHub/UnlawfulGoodPrototyping/UnlawfulGoodUnreal/Content/Enemies/Sprites/LowLevelEnemy/Gangsters_3_Spritelist_Sprite_58.uasset" 1389
"C:/Users/Caryn/OneDrive - Ulster University/Documents/GitHub/UnlawfulGoodPrototyping/UnlawfulGoodUnreal/Content/Enemies/Sprites/LowLevelEnemy/Gangsters_3_Spritelist_Sprite_58.uexp" 1390
"C:/Users/Caryn/OneDrive - Ulster University/Documents/GitHub/UnlawfulGoodPrototyping/UnlawfulGoodUnreal/Content/Enemies/Sprites/Flipbooks/LowLevelEnemy/FB_Knockout.uasset" 1391
"C:/Users/Caryn/OneDrive - Ulster University/Documents/GitHub/UnlawfulGoodPrototyping/UnlawfulGoodUnreal/Content/Enemies/Sprites/Flipbooks/LowLevelEnemy/FB_Knockout.uexp" 1392
"C:/Users/Caryn/OneDrive - Ulster University/Documents/GitHub/UnlawfulGoodPrototyping/UnlawfulGoodUnreal/Content/Enemies/Blueprints/AnimSequences/KnockedOut.uasset" 1393
"C:/Users/Caryn/OneDrive - Ulster University/Documents/GitHub/UnlawfulGoodPrototyping/UnlawfulGoodUnreal/Content/Enemies/Blueprints/AnimSequences/KnockedOut.uexp" 1394
"C:/Users/Caryn/OneDrive - Ulster University/Documents/GitHub/UnlawfulGoodPrototyping/UnlawfulGoodUnreal/Content/Enemies/Sprites/LowLevelEnemy/Gangsters_3_Spritelist_Sprite_0.uasset" 1395
"C:/Users/Caryn/OneDrive - Ulster University/Documents/GitHub/UnlawfulGoodPrototyping/UnlawfulGoodUnreal/Content/Enemies/Sprites/LowLevelEnemy/Gangsters_3_Spritelist_Sprite_0.uexp" 1396
"C:/Users/Caryn/OneDrive - Ulster University/Documents/GitHub/UnlawfulGoodPrototyping/UnlawfulGoodUnreal/Content/Enemies/Sprites/LowLevelEnemy/Gangsters_3_Spritelist_Sprite_1.uasset" 1397
"C:/Users/Caryn/OneDrive - Ulster University/Documents/GitHub/UnlawfulGoodPrototyping/UnlawfulGoodUnreal/Content/Enemies/Sprites/LowLevelEnemy/Gangsters_3_Spritelist_Sprite_1.uexp" 1398
"C:/Users/Caryn/OneDrive - Ulster University/Documents/GitHub/UnlawfulGoodPrototyping/UnlawfulGoodUnreal/Content/Enemies/Sprites/LowLevelEnemy/Gangsters_3_Spritelist_Sprite_2.uasset" 1399
"C:/Users/Caryn/OneDrive - Ulster University/Documents/GitHub/UnlawfulGoodPrototyping/UnlawfulGoodUnreal/Content/Enemies/Sprites/LowLevelEnemy/Gangsters_3_Spritelist_Sprite_2.uexp" 1400
"C:/Users/Caryn/OneDrive - Ulster University/Documents/GitHub/UnlawfulGoodPrototyping/UnlawfulGoodUnreal/Content/Enemies/Sprites/LowLevelEnemy/Gangsters_3_Spritelist_Sprite_3.uasset" 1401
"C:/Users/Caryn/OneDrive - Ulster University/Documents/GitHub/UnlawfulGoodPrototyping/UnlawfulGoodUnreal/Content/Enemies/Sprites/LowLevelEnemy/Gangsters_3_Spritelist_Sprite_3.uexp" 1402
"C:/Users/Caryn/OneDrive - Ulster University/Documents/GitHub/UnlawfulGoodPrototyping/UnlawfulGoodUnreal/Content/Enemies/Sprites/LowLevelEnemy/Gangsters_3_Spritelist_Sprite_4.uasset" 1403
"C:/Users/Caryn/OneDrive - Ulster University/Documents/GitHub/UnlawfulGoodPrototyping/UnlawfulGoodUnreal/Content/Enemies/Sprites/LowLevelEnemy/Gangsters_3_Spritelist_Sprite_4.uexp" 1404
"C:/Users/Caryn/OneDrive - Ulster University/Documents/GitHub/UnlawfulGoodPrototyping/UnlawfulGoodUnreal/Content/Enemies/Sprites/LowLevelEnemy/Gangsters_3_Spritelist_Sprite_5.uasset" 1405
"C:/Users/Caryn/OneDrive - Ulster University/Documents/GitHub/UnlawfulGoodPrototyping/UnlawfulGoodUnreal/Content/Enemies/Sprites/LowLevelEnemy/Gangsters_3_Spritelist_Sprite_5.uexp" 1406
"C:/Users/Caryn/OneDrive - Ulster University/Documents/GitHub/UnlawfulGoodPrototyping/UnlawfulGoodUnreal/Content/Enemies/Sprites/LowLevelEnemy/Gangsters_3_Spritelist_Sprite_6.uasset" 1407
"C:/Users/Caryn/OneDrive - Ulster University/Documents/GitHub/UnlawfulGoodPrototyping/UnlawfulGoodUnreal/Content/Enemies/Sprites/LowLevelEnemy/Gangsters_3_Spritelist_Sprite_6.uexp" 1408
"C:/Users/Caryn/OneDrive - Ulster University/Documents/GitHub/UnlawfulGoodPrototyping/UnlawfulGoodUnreal/Content/Enemies/Sprites/Flipbooks/LowLevelEnemy/FB_Idle.uasset" 1409
"C:/Users/Caryn/OneDrive - Ulster University/Documents/GitHub/UnlawfulGoodPrototyping/UnlawfulGoodUnreal/Content/Enemies/Sprites/Flipbooks/LowLevelEnemy/FB_Idle.uexp" 1410
"C:/Users/Caryn/OneDrive - Ulster University/Documents/GitHub/UnlawfulGoodPrototyping/UnlawfulGoodUnreal/Content/Enemies/Blueprints/AnimSequences/Idle.uasset" 1411
"C:/Users/Caryn/OneDrive - Ulster University/Documents/GitHub/UnlawfulGoodPrototyping/UnlawfulGoodUnreal/Content/Enemies/Blueprints/AnimSequences/Idle.uexp" 1412
"C:/Users/Caryn/OneDrive - Ulster University/Documents/GitHub/UnlawfulGoodPrototyping/UnlawfulGoodUnreal/Content/Enemies/Sprites/LowLevelEnemy/Gangsters_3_Spritelist_Sprite_17.uasset" 1413
"C:/Users/Caryn/OneDrive - Ulster University/Documents/GitHub/UnlawfulGoodPrototyping/UnlawfulGoodUnreal/Content/Enemies/Sprites/LowLevelEnemy/Gangsters_3_Spritelist_Sprite_17.uexp" 1414
"C:/Users/Caryn/OneDrive - Ulster University/Documents/GitHub/UnlawfulGoodPrototyping/UnlawfulGoodUnreal/Content/Enemies/Sprites/Flipbooks/LowLevelEnemy/FB_Hurt.uasset" 1415
"C:/Users/Caryn/OneDrive - Ulster University/Documents/GitHub/UnlawfulGoodPrototyping/UnlawfulGoodUnreal/Content/Enemies/Sprites/Flipbooks/LowLevelEnemy/FB_Hurt.uexp" 1416
"C:/Users/Caryn/OneDrive - Ulster University/Documents/GitHub/UnlawfulGoodPrototyping/UnlawfulGoodUnreal/Content/Enemies/Blueprints/Animations/AnimSequences/Hurt.uasset" 1417
"C:/Users/Caryn/OneDrive - Ulster University/Documents/GitHub/UnlawfulGoodPrototyping/UnlawfulGoodUnreal/Content/Enemies/Blueprints/Animations/AnimSequences/Hurt.uexp" 1418
"C:/Users/Caryn/OneDrive - Ulster University/Documents/GitHub/UnlawfulGoodPrototyping/UnlawfulGoodUnreal/Content/Enemies/Sprites/LowLevelEnemy/Gangsters_3_Spritelist_Sprite_18.uasset" 1419
"C:/Users/Caryn/OneDrive - Ulster University/Documents/GitHub/UnlawfulGoodPrototyping/UnlawfulGoodUnreal/Content/Enemies/Sprites/LowLevelEnemy/Gangsters_3_Spritelist_Sprite_18.uexp" 1420
"C:/Users/Caryn/OneDrive - Ulster University/Documents/GitHub/UnlawfulGoodPrototyping/UnlawfulGoodUnreal/Content/Enemies/Sprites/LowLevelEnemy/Gangsters_3_Spritelist_Sprite_19.uasset" 1421
"C:/Users/Caryn/OneDrive - Ulster University/Documents/GitHub/UnlawfulGoodPrototyping/UnlawfulGoodUnreal/Content/Enemies/Sprites/LowLevelEnemy/Gangsters_3_Spritelist_Sprite_19.uexp" 1422
"C:/Users/Caryn/OneDrive - Ulster University/Documents/GitHub/UnlawfulGoodPrototyping/UnlawfulGoodUnreal/Content/Enemies/Sprites/LowLevelEnemy/Gangsters_3_Spritelist_Sprite_20.uasset" 1423
"C:/Users/Caryn/OneDrive - Ulster University/Documents/GitHub/UnlawfulGoodPrototyping/UnlawfulGoodUnreal/Content/Enemies/Sprites/LowLevelEnemy/Gangsters_3_Spritelist_Sprite_20.uexp" 1424
"C:/Users/Caryn/OneDrive - Ulster University/Documents/GitHub/UnlawfulGoodPrototyping/UnlawfulGoodUnreal/Content/Enemies/Sprites/LowLevelEnemy/Gangsters_3_Spritelist_Sprite_21.uasset" 1425
"C:/Users/Caryn/OneDrive - Ulster University/Documents/GitHub/UnlawfulGoodPrototyping/UnlawfulGoodUnreal/Content/Enemies/Sprites/LowLevelEnemy/Gangsters_3_Spritelist_Sprite_21.uexp" 1426
"C:/Users/Caryn/OneDrive - Ulster University/Documents/GitHub/UnlawfulGoodPrototyping/UnlawfulGoodUnreal/Content/Enemies/Sprites/LowLevelEnemy/Gangsters_3_Spritelist_Sprite_22.uasset" 1427
"C:/Users/Caryn/OneDrive - Ulster University/Documents/GitHub/UnlawfulGoodPrototyping/UnlawfulGoodUnreal/Content/Enemies/Sprites/LowLevelEnemy/Gangsters_3_Spritelist_Sprite_22.uexp" 1428
"C:/Users/Caryn/OneDrive - Ulster University/Documents/GitHub/UnlawfulGoodPrototyping/UnlawfulGoodUnreal/Content/Enemies/Sprites/Flipbooks/LowLevelEnemy/FB_Draw.uasset" 1429
"C:/Users/Caryn/OneDrive - Ulster University/Documents/GitHub/UnlawfulGoodPrototyping/UnlawfulGoodUnreal/Content/Enemies/Sprites/Flipbooks/LowLevelEnemy/FB_Draw.uexp" 1430
"C:/Users/Caryn/OneDrive - Ulster University/Documents/GitHub/UnlawfulGoodPrototyping/UnlawfulGoodUnreal/Content/Enemies/Blueprints/Animations/AnimSequences/Draw.uasset" 1431
"C:/Users/Caryn/OneDrive - Ulster University/Documents/GitHub/UnlawfulGoodPrototyping/UnlawfulGoodUnreal/Content/Enemies/Blueprints/Animations/AnimSequences/Draw.uexp" 1432
"C:/Users/Caryn/OneDrive - Ulster University/Documents/GitHub/UnlawfulGoodPrototyping/UnlawfulGoodUnreal/Content/Enemies/Blueprints/LowLevelEnemy/ABP_LLEnemy.uasset" 1433
"C:/Users/Caryn/OneDrive - Ulster University/Documents/GitHub/UnlawfulGoodPrototyping/UnlawfulGoodUnreal/Content/Enemies/Blueprints/LowLevelEnemy/ABP_LLEnemy.uexp" 1434
"C:/Users/Caryn/OneDrive - Ulster University/Documents/GitHub/UnlawfulGoodPrototyping/UnlawfulGoodUnreal/Content/Enemies/Sprites/LowLevelEnemy/Gangsters_3_Spritelist_Sprite_23.uasset" 1435
"C:/Users/Caryn/OneDrive - Ulster University/Documents/GitHub/UnlawfulGoodPrototyping/UnlawfulGoodUnreal/Content/Enemies/Sprites/LowLevelEnemy/Gangsters_3_Spritelist_Sprite_23.uexp" 1436
"C:/Users/Caryn/OneDrive - Ulster University/Documents/GitHub/UnlawfulGoodPrototyping/UnlawfulGoodUnreal/Content/Enemies/Sprites/LowLevelEnemy/Gangsters_3_Spritelist_Sprite_24.uasset" 1437
"C:/Users/Caryn/OneDrive - Ulster University/Documents/GitHub/UnlawfulGoodPrototyping/UnlawfulGoodUnreal/Content/Enemies/Sprites/LowLevelEnemy/Gangsters_3_Spritelist_Sprite_24.uexp" 1438
"C:/Users/Caryn/OneDrive - Ulster University/Documents/GitHub/UnlawfulGoodPrototyping/UnlawfulGoodUnreal/Content/Enemies/Sprites/LowLevelEnemy/Gangsters_3_Spritelist_Sprite_25.uasset" 1439
"C:/Users/Caryn/OneDrive - Ulster University/Documents/GitHub/UnlawfulGoodPrototyping/UnlawfulGoodUnreal/Content/Enemies/Sprites/LowLevelEnemy/Gangsters_3_Spritelist_Sprite_25.uexp" 1440
"C:/Users/Caryn/OneDrive - Ulster University/Documents/GitHub/UnlawfulGoodPrototyping/UnlawfulGoodUnreal/Content/Enemies/Sprites/LowLevelEnemy/Gangsters_3_Spritelist_Sprite_27.uasset" 1441
"C:/Users/Caryn/OneDrive - Ulster University/Documents/GitHub/UnlawfulGoodPrototyping/UnlawfulGoodUnreal/Content/Enemies/Sprites/LowLevelEnemy/Gangsters_3_Spritelist_Sprite_27.uexp" 1442
"C:/Users/Caryn/OneDrive - Ulster University/Documents/GitHub/UnlawfulGoodPrototyping/UnlawfulGoodUnreal/Content/Enemies/Sprites/LowLevelEnemy/Gangsters_3_Spritelist_Sprite_30.uasset" 1443
"C:/Users/Caryn/OneDrive - Ulster University/Documents/GitHub/UnlawfulGoodPrototyping/UnlawfulGoodUnreal/Content/Enemies/Sprites/LowLevelEnemy/Gangsters_3_Spritelist_Sprite_30.uexp" 1444
"C:/Users/Caryn/OneDrive - Ulster University/Documents/GitHub/UnlawfulGoodPrototyping/UnlawfulGoodUnreal/Content/Enemies/Sprites/LowLevelEnemy/Gangsters_3_Spritelist_Sprite_39.uasset" 1445
"C:/Users/Caryn/OneDrive - Ulster University/Documents/GitHub/UnlawfulGoodPrototyping/UnlawfulGoodUnreal/Content/Enemies/Sprites/LowLevelEnemy/Gangsters_3_Spritelist_Sprite_39.uexp" 1446
"C:/Users/Caryn/OneDrive - Ulster University/Documents/GitHub/UnlawfulGoodPrototyping/UnlawfulGoodUnreal/Content/Enemies/Sprites/Flipbooks/LowLevelEnemy/FB_Shoot.uasset" 1447
"C:/Users/Caryn/OneDrive - Ulster University/Documents/GitHub/UnlawfulGoodPrototyping/UnlawfulGoodUnreal/Content/Enemies/Sprites/Flipbooks/LowLevelEnemy/FB_Shoot.uexp" 1448
"C:/Users/Caryn/OneDrive - Ulster University/Documents/GitHub/UnlawfulGoodPrototyping/UnlawfulGoodUnreal/Content/Enemies/Blueprints/AnimSequences/Shoot.uasset" 1449
"C:/Users/Caryn/OneDrive - Ulster University/Documents/GitHub/UnlawfulGoodPrototyping/UnlawfulGoodUnreal/Content/Enemies/Blueprints/AnimSequences/Shoot.uexp" 1450
"C:/Users/Caryn/OneDrive - Ulster University/Documents/GitHub/UnlawfulGoodPrototyping/UnlawfulGoodUnreal/Content/Sprites/Effects/brackeys_vfx_bundle/predrawn/EnemyHit/blood_impact_6x5.uasset" 1451
"C:/Users/Caryn/OneDrive - Ulster University/Documents/GitHub/UnlawfulGoodPrototyping/UnlawfulGoodUnreal/Content/Sprites/Effects/brackeys_vfx_bundle/predrawn/EnemyHit/blood_impact_6x5.uexp" 1452
"C:/Users/Caryn/OneDrive - Ulster University/Documents/GitHub/UnlawfulGoodPrototyping/UnlawfulGoodUnreal/Content/Sprites/Effects/brackeys_vfx_bundle/predrawn/EnemyHit/blood_impact_6x5_Sprite_0.uasset" 1453
"C:/Users/Caryn/OneDrive - Ulster University/Documents/GitHub/UnlawfulGoodPrototyping/UnlawfulGoodUnreal/Content/Sprites/Effects/brackeys_vfx_bundle/predrawn/EnemyHit/blood_impact_6x5_Sprite_0.uexp" 1454
"C:/Users/Caryn/OneDrive - Ulster University/Documents/GitHub/UnlawfulGoodPrototyping/UnlawfulGoodUnreal/Content/Sprites/Effects/brackeys_vfx_bundle/predrawn/EnemyHit/blood_impact_6x5_Sprite_1.uasset" 1455
"C:/Users/Caryn/OneDrive - Ulster University/Documents/GitHub/UnlawfulGoodPrototyping/UnlawfulGoodUnreal/Content/Sprites/Effects/brackeys_vfx_bundle/predrawn/EnemyHit/blood_impact_6x5_Sprite_1.uexp" 1456
"C:/Users/Caryn/OneDrive - Ulster University/Documents/GitHub/UnlawfulGoodPrototyping/UnlawfulGoodUnreal/Content/Sprites/Effects/brackeys_vfx_bundle/predrawn/EnemyHit/blood_impact_6x5_Sprite_2.uasset" 1457
"C:/Users/Caryn/OneDrive - Ulster University/Documents/GitHub/UnlawfulGoodPrototyping/UnlawfulGoodUnreal/Content/Sprites/Effects/brackeys_vfx_bundle/predrawn/EnemyHit/blood_impact_6x5_Sprite_2.uexp" 1458
"C:/Users/Caryn/OneDrive - Ulster University/Documents/GitHub/UnlawfulGoodPrototyping/UnlawfulGoodUnreal/Content/Sprites/Effects/brackeys_vfx_bundle/predrawn/EnemyHit/blood_impact_6x5_Sprite_3.uasset" 1459
"C:/Users/Caryn/OneDrive - Ulster University/Documents/GitHub/UnlawfulGoodPrototyping/UnlawfulGoodUnreal/Content/Sprites/Effects/brackeys_vfx_bundle/predrawn/EnemyHit/blood_impact_6x5_Sprite_3.uexp" 1460
"C:/Users/Caryn/OneDrive - Ulster University/Documents/GitHub/UnlawfulGoodPrototyping/UnlawfulGoodUnreal/Content/Sprites/Effects/brackeys_vfx_bundle/predrawn/EnemyHit/blood_impact_6x5_Sprite_4.uasset" 1461
"C:/Users/Caryn/OneDrive - Ulster University/Documents/GitHub/UnlawfulGoodPrototyping/UnlawfulGoodUnreal/Content/Sprites/Effects/brackeys_vfx_bundle/predrawn/EnemyHit/blood_impact_6x5_Sprite_4.uexp" 1462
"C:/Users/Caryn/OneDrive - Ulster University/Documents/GitHub/UnlawfulGoodPrototyping/UnlawfulGoodUnreal/Content/Sprites/Effects/brackeys_vfx_bundle/predrawn/EnemyHit/blood_impact_6x5_Sprite_5.uasset" 1463
"C:/Users/Caryn/OneDrive - Ulster University/Documents/GitHub/UnlawfulGoodPrototyping/UnlawfulGoodUnreal/Content/Sprites/Effects/brackeys_vfx_bundle/predrawn/EnemyHit/blood_impact_6x5_Sprite_5.uexp" 1464
"C:/Users/Caryn/OneDrive - Ulster University/Documents/GitHub/UnlawfulGoodPrototyping/UnlawfulGoodUnreal/Content/Sprites/Effects/brackeys_vfx_bundle/predrawn/EnemyHit/blood_impact_6x5_Sprite_6.uasset" 1465
"C:/Users/Caryn/OneDrive - Ulster University/Documents/GitHub/UnlawfulGoodPrototyping/UnlawfulGoodUnreal/Content/Sprites/Effects/brackeys_vfx_bundle/predrawn/EnemyHit/blood_impact_6x5_Sprite_6.uexp" 1466
"C:/Users/Caryn/OneDrive - Ulster University/Documents/GitHub/UnlawfulGoodPrototyping/UnlawfulGoodUnreal/Content/Sprites/Effects/brackeys_vfx_bundle/predrawn/EnemyHit/blood_impact_6x5_Sprite_7.uasset" 1467
"C:/Users/Caryn/OneDrive - Ulster University/Documents/GitHub/UnlawfulGoodPrototyping/UnlawfulGoodUnreal/Content/Sprites/Effects/brackeys_vfx_bundle/predrawn/EnemyHit/blood_impact_6x5_Sprite_7.uexp" 1468
"C:/Users/Caryn/OneDrive - Ulster University/Documents/GitHub/UnlawfulGoodPrototyping/UnlawfulGoodUnreal/Content/Sprites/Effects/brackeys_vfx_bundle/predrawn/EnemyHit/blood_impact_6x5_Sprite_8.uasset" 1469
"C:/Users/Caryn/OneDrive - Ulster University/Documents/GitHub/UnlawfulGoodPrototyping/UnlawfulGoodUnreal/Content/Sprites/Effects/brackeys_vfx_bundle/predrawn/EnemyHit/blood_impact_6x5_Sprite_8.uexp" 1470
"C:/Users/Caryn/OneDrive - Ulster University/Documents/GitHub/UnlawfulGoodPrototyping/UnlawfulGoodUnreal/Content/Sprites/Effects/brackeys_vfx_bundle/predrawn/EnemyHit/blood_impact_6x5_Sprite_9.uasset" 1471
"C:/Users/Caryn/OneDrive - Ulster University/Documents/GitHub/UnlawfulGoodPrototyping/UnlawfulGoodUnreal/Content/Sprites/Effects/brackeys_vfx_bundle/predrawn/EnemyHit/blood_impact_6x5_Sprite_9.uexp" 1472
"C:/Users/Caryn/OneDrive - Ulster University/Documents/GitHub/UnlawfulGoodPrototyping/UnlawfulGoodUnreal/Content/Sprites/Effects/brackeys_vfx_bundle/predrawn/EnemyHit/blood_impact_6x5_Sprite_10.uasset" 1473
"C:/Users/Caryn/OneDrive - Ulster University/Documents/GitHub/UnlawfulGoodPrototyping/UnlawfulGoodUnreal/Content/Sprites/Effects/brackeys_vfx_bundle/predrawn/EnemyHit/blood_impact_6x5_Sprite_10.uexp" 1474
"C:/Users/Caryn/OneDrive - Ulster University/Documents/GitHub/UnlawfulGoodPrototyping/UnlawfulGoodUnreal/Content/Sprites/Effects/brackeys_vfx_bundle/predrawn/EnemyHit/blood_impact_6x5_Sprite_11.uasset" 1475
"C:/Users/Caryn/OneDrive - Ulster University/Documents/GitHub/UnlawfulGoodPrototyping/UnlawfulGoodUnreal/Content/Sprites/Effects/brackeys_vfx_bundle/predrawn/EnemyHit/blood_impact_6x5_Sprite_11.uexp" 1476
"C:/Users/Caryn/OneDrive - Ulster University/Documents/GitHub/UnlawfulGoodPrototyping/UnlawfulGoodUnreal/Content/Sprites/Effects/brackeys_vfx_bundle/predrawn/EnemyHit/blood_impact_6x5_Sprite_12.uasset" 1477
"C:/Users/Caryn/OneDrive - Ulster University/Documents/GitHub/UnlawfulGoodPrototyping/UnlawfulGoodUnreal/Content/Sprites/Effects/brackeys_vfx_bundle/predrawn/EnemyHit/blood_impact_6x5_Sprite_12.uexp" 1478
"C:/Users/Caryn/OneDrive - Ulster University/Documents/GitHub/UnlawfulGoodPrototyping/UnlawfulGoodUnreal/Content/Sprites/Effects/brackeys_vfx_bundle/predrawn/EnemyHit/blood_impact_6x5_Sprite_13.uasset" 1479
"C:/Users/Caryn/OneDrive - Ulster University/Documents/GitHub/UnlawfulGoodPrototyping/UnlawfulGoodUnreal/Content/Sprites/Effects/brackeys_vfx_bundle/predrawn/EnemyHit/blood_impact_6x5_Sprite_13.uexp" 1480
"C:/Users/Caryn/OneDrive - Ulster University/Documents/GitHub/UnlawfulGoodPrototyping/UnlawfulGoodUnreal/Content/Sprites/Effects/brackeys_vfx_bundle/predrawn/EnemyHit/blood_impact_6x5_Sprite_14.uasset" 1481
"C:/Users/Caryn/OneDrive - Ulster University/Documents/GitHub/UnlawfulGoodPrototyping/UnlawfulGoodUnreal/Content/Sprites/Effects/brackeys_vfx_bundle/predrawn/EnemyHit/blood_impact_6x5_Sprite_14.uexp" 1482
"C:/Users/Caryn/OneDrive - Ulster University/Documents/GitHub/UnlawfulGoodPrototyping/UnlawfulGoodUnreal/Content/Sprites/Effects/brackeys_vfx_bundle/predrawn/EnemyHit/blood_impact_6x5_Sprite_15.uasset" 1483
"C:/Users/Caryn/OneDrive - Ulster University/Documents/GitHub/UnlawfulGoodPrototyping/UnlawfulGoodUnreal/Content/Sprites/Effects/brackeys_vfx_bundle/predrawn/EnemyHit/blood_impact_6x5_Sprite_15.uexp" 1484
"C:/Users/Caryn/OneDrive - Ulster University/Documents/GitHub/UnlawfulGoodPrototyping/UnlawfulGoodUnreal/Content/Sprites/Effects/brackeys_vfx_bundle/predrawn/EnemyHit/blood_impact_6x5_Sprite_16.uasset" 1485
"C:/Users/Caryn/OneDrive - Ulster University/Documents/GitHub/UnlawfulGoodPrototyping/UnlawfulGoodUnreal/Content/Sprites/Effects/brackeys_vfx_bundle/predrawn/EnemyHit/blood_impact_6x5_Sprite_16.uexp" 1486
"C:/Users/Caryn/OneDrive - Ulster University/Documents/GitHub/UnlawfulGoodPrototyping/UnlawfulGoodUnreal/Content/Sprites/Effects/brackeys_vfx_bundle/predrawn/EnemyHit/blood_impact_6x5_Sprite_17.uasset" 1487
"C:/Users/Caryn/OneDrive - Ulster University/Documents/GitHub/UnlawfulGoodPrototyping/UnlawfulGoodUnreal/Content/Sprites/Effects/brackeys_vfx_bundle/predrawn/EnemyHit/blood_impact_6x5_Sprite_17.uexp" 1488
"C:/Users/Caryn/OneDrive - Ulster University/Documents/GitHub/UnlawfulGoodPrototyping/UnlawfulGoodUnreal/Content/Sprites/Effects/brackeys_vfx_bundle/predrawn/EnemyHit/blood_impact_6x5_Sprite_18.uasset" 1489
"C:/Users/Caryn/OneDrive - Ulster University/Documents/GitHub/UnlawfulGoodPrototyping/UnlawfulGoodUnreal/Content/Sprites/Effects/brackeys_vfx_bundle/predrawn/EnemyHit/blood_impact_6x5_Sprite_18.uexp" 1490
"C:/Users/Caryn/OneDrive - Ulster University/Documents/GitHub/UnlawfulGoodPrototyping/UnlawfulGoodUnreal/Content/Sprites/Effects/brackeys_vfx_bundle/predrawn/EnemyHit/blood_impact_6x5_Sprite_19.uasset" 1491
"C:/Users/Caryn/OneDrive - Ulster University/Documents/GitHub/UnlawfulGoodPrototyping/UnlawfulGoodUnreal/Content/Sprites/Effects/brackeys_vfx_bundle/predrawn/EnemyHit/blood_impact_6x5_Sprite_19.uexp" 1492
"C:/Users/Caryn/OneDrive - Ulster University/Documents/GitHub/UnlawfulGoodPrototyping/UnlawfulGoodUnreal/Content/Sprites/Effects/brackeys_vfx_bundle/predrawn/EnemyHit/blood_impact_6x5_Sprite_20.uasset" 1493
"C:/Users/Caryn/OneDrive - Ulster University/Documents/GitHub/UnlawfulGoodPrototyping/UnlawfulGoodUnreal/Content/Sprites/Effects/brackeys_vfx_bundle/predrawn/EnemyHit/blood_impact_6x5_Sprite_20.uexp" 1494
"C:/Users/Caryn/OneDrive - Ulster University/Documents/GitHub/UnlawfulGoodPrototyping/UnlawfulGoodUnreal/Content/Sprites/Effects/brackeys_vfx_bundle/predrawn/EnemyHit/blood_impact_6x5_Sprite_21.uasset" 1495
"C:/Users/Caryn/OneDrive - Ulster University/Documents/GitHub/UnlawfulGoodPrototyping/UnlawfulGoodUnreal/Content/Sprites/Effects/brackeys_vfx_bundle/predrawn/EnemyHit/blood_impact_6x5_Sprite_21.uexp" 1496
"C:/Users/Caryn/OneDrive - Ulster University/Documents/GitHub/UnlawfulGoodPrototyping/UnlawfulGoodUnreal/Content/Sprites/Effects/brackeys_vfx_bundle/predrawn/EnemyHit/blood_impact_6x5_Sprite_22.uasset" 1497
"C:/Users/Caryn/OneDrive - Ulster University/Documents/GitHub/UnlawfulGoodPrototyping/UnlawfulGoodUnreal/Content/Sprites/Effects/brackeys_vfx_bundle/predrawn/EnemyHit/blood_impact_6x5_Sprite_22.uexp" 1498
"C:/Users/Caryn/OneDrive - Ulster University/Documents/GitHub/UnlawfulGoodPrototyping/UnlawfulGoodUnreal/Content/Sprites/Effects/brackeys_vfx_bundle/predrawn/EnemyHit/blood_impact_6x5_Sprite_23.uasset" 1499
"C:/Users/Caryn/OneDrive - Ulster University/Documents/GitHub/UnlawfulGoodPrototyping/UnlawfulGoodUnreal/Content/Sprites/Effects/brackeys_vfx_bundle/predrawn/EnemyHit/blood_impact_6x5_Sprite_23.uexp" 1500
"C:/Users/Caryn/OneDrive - Ulster University/Documents/GitHub/UnlawfulGoodPrototyping/UnlawfulGoodUnreal/Content/Sprites/Effects/brackeys_vfx_bundle/predrawn/EnemyHit/blood_impact_6x6.uasset" 1501
"C:/Users/Caryn/OneDrive - Ulster University/Documents/GitHub/UnlawfulGoodPrototyping/UnlawfulGoodUnreal/Content/Sprites/Effects/brackeys_vfx_bundle/predrawn/EnemyHit/blood_impact_6x6.uexp" 1502
"C:/Users/Caryn/OneDrive - Ulster University/Documents/GitHub/UnlawfulGoodPrototyping/UnlawfulGoodUnreal/Content/Affects/BP_BloodImpact.uasset" 1503
"C:/Users/Caryn/OneDrive - Ulster University/Documents/GitHub/UnlawfulGoodPrototyping/UnlawfulGoodUnreal/Content/Affects/BP_BloodImpact.uexp" 1504
"C:/Users/Caryn/OneDrive - Ulster University/Documents/GitHub/UnlawfulGoodPrototyping/UnlawfulGoodUnreal/Content/Enemies/Blueprints/LowLevelEnemy/BP_LLEnemy.uasset" 1505
"C:/Users/Caryn/OneDrive - Ulster University/Documents/GitHub/UnlawfulGoodPrototyping/UnlawfulGoodUnreal/Content/Enemies/Blueprints/LowLevelEnemy/BP_LLEnemy.uexp" 1506
"C:/Users/Caryn/OneDrive - Ulster University/Documents/GitHub/UnlawfulGoodPrototyping/UnlawfulGoodUnreal/Content/Sounds/health-get_sound.ubulk" 1507
"C:/Users/Caryn/OneDrive - Ulster University/Documents/GitHub/UnlawfulGoodPrototyping/UnlawfulGoodUnreal/Content/Sounds/health-get_sound.uasset" 1508
"C:/Users/Caryn/OneDrive - Ulster University/Documents/GitHub/UnlawfulGoodPrototyping/UnlawfulGoodUnreal/Content/Sounds/health-get_sound.uexp" 1509
"C:/Users/Caryn/OneDrive - Ulster University/Documents/GitHub/UnlawfulGoodPrototyping/UnlawfulGoodUnreal/Content/UI/HUD/Health-full.uasset" 1510
"C:/Users/Caryn/OneDrive - Ulster University/Documents/GitHub/UnlawfulGoodPrototyping/UnlawfulGoodUnreal/Content/UI/HUD/Health-full.uexp" 1511
"C:/Users/Caryn/OneDrive - Ulster University/Documents/GitHub/UnlawfulGoodPrototyping/UnlawfulGoodUnreal/Content/UI/HUD/Health-full_Sprite_0.uasset" 1512
"C:/Users/Caryn/OneDrive - Ulster University/Documents/GitHub/UnlawfulGoodPrototyping/UnlawfulGoodUnreal/Content/UI/HUD/Health-full_Sprite_0.uexp" 1513
"C:/Users/Caryn/OneDrive - Ulster University/Documents/GitHub/UnlawfulGoodPrototyping/UnlawfulGoodUnreal/Content/Blueprints/Level/BP_HealthPickup.uasset" 1514
"C:/Users/Caryn/OneDrive - Ulster University/Documents/GitHub/UnlawfulGoodPrototyping/UnlawfulGoodUnreal/Content/Blueprints/Level/BP_HealthPickup.uexp" 1515
"C:/Users/Caryn/OneDrive - Ulster University/Documents/GitHub/UnlawfulGoodPrototyping/UnlawfulGoodUnreal/Content/Sounds/Enemy_Hit_sound.ubulk" 1516
"C:/Users/Caryn/OneDrive - Ulster University/Documents/GitHub/UnlawfulGoodPrototyping/UnlawfulGoodUnreal/Content/Sounds/Enemy_Hit_sound.uasset" 1517
"C:/Users/Caryn/OneDrive - Ulster University/Documents/GitHub/UnlawfulGoodPrototyping/UnlawfulGoodUnreal/Content/Sounds/Enemy_Hit_sound.uexp" 1518
"C:/Users/Caryn/OneDrive - Ulster University/Documents/GitHub/UnlawfulGoodPrototyping/UnlawfulGoodUnreal/Content/Enemies/Blueprints/MidLevelEnemy/AS_MLEnemy.uasset" 1519
"C:/Users/Caryn/OneDrive - Ulster University/Documents/GitHub/UnlawfulGoodPrototyping/UnlawfulGoodUnreal/Content/Enemies/Blueprints/MidLevelEnemy/AS_MLEnemy.uexp" 1520
"C:/Users/Caryn/OneDrive - Ulster University/Documents/GitHub/UnlawfulGoodPrototyping/UnlawfulGoodUnreal/Content/Enemies/Sprites/MidLevelEnemy/Mid-Level_enemy_sprites.uasset" 1521
"C:/Users/Caryn/OneDrive - Ulster University/Documents/GitHub/UnlawfulGoodPrototyping/UnlawfulGoodUnreal/Content/Enemies/Sprites/MidLevelEnemy/Mid-Level_enemy_sprites.uexp" 1522
"C:/Users/Caryn/OneDrive - Ulster University/Documents/GitHub/UnlawfulGoodPrototyping/UnlawfulGoodUnreal/Content/Enemies/Sprites/MidLevelEnemy/Mid-Level_enemy_sprites_Sprite_19.uasset" 1523
"C:/Users/Caryn/OneDrive - Ulster University/Documents/GitHub/UnlawfulGoodPrototyping/UnlawfulGoodUnreal/Content/Enemies/Sprites/MidLevelEnemy/Mid-Level_enemy_sprites_Sprite_19.uexp" 1524
"C:/Users/Caryn/OneDrive - Ulster University/Documents/GitHub/UnlawfulGoodPrototyping/UnlawfulGoodUnreal/Content/Enemies/Sprites/MidLevelEnemy/Mid-Level_enemy_sprites_Sprite_20.uasset" 1525
"C:/Users/Caryn/OneDrive - Ulster University/Documents/GitHub/UnlawfulGoodPrototyping/UnlawfulGoodUnreal/Content/Enemies/Sprites/MidLevelEnemy/Mid-Level_enemy_sprites_Sprite_20.uexp" 1526
"C:/Users/Caryn/OneDrive - Ulster University/Documents/GitHub/UnlawfulGoodPrototyping/UnlawfulGoodUnreal/Content/Enemies/Sprites/MidLevelEnemy/Mid-Level_enemy_sprites_Sprite_21.uasset" 1527
"C:/Users/Caryn/OneDrive - Ulster University/Documents/GitHub/UnlawfulGoodPrototyping/UnlawfulGoodUnreal/Content/Enemies/Sprites/MidLevelEnemy/Mid-Level_enemy_sprites_Sprite_21.uexp" 1528
"C:/Users/Caryn/OneDrive - Ulster University/Documents/GitHub/UnlawfulGoodPrototyping/UnlawfulGoodUnreal/Content/Enemies/Sprites/MidLevelEnemy/Mid-Level_enemy_sprites_Sprite_22.uasset" 1529
"C:/Users/Caryn/OneDrive - Ulster University/Documents/GitHub/UnlawfulGoodPrototyping/UnlawfulGoodUnreal/Content/Enemies/Sprites/MidLevelEnemy/Mid-Level_enemy_sprites_Sprite_22.uexp" 1530
"C:/Users/Caryn/OneDrive - Ulster University/Documents/GitHub/UnlawfulGoodPrototyping/UnlawfulGoodUnreal/Content/Enemies/Sprites/MidLevelEnemy/Mid-Level_enemy_sprites_Sprite_23.uasset" 1531
"C:/Users/Caryn/OneDrive - Ulster University/Documents/GitHub/UnlawfulGoodPrototyping/UnlawfulGoodUnreal/Content/Enemies/Sprites/MidLevelEnemy/Mid-Level_enemy_sprites_Sprite_23.uexp" 1532
"C:/Users/Caryn/OneDrive - Ulster University/Documents/GitHub/UnlawfulGoodPrototyping/UnlawfulGoodUnreal/Content/Enemies/Sprites/MidLevelEnemy/Mid-Level_enemy_sprites_Sprite_24.uasset" 1533
"C:/Users/Caryn/OneDrive - Ulster University/Documents/GitHub/UnlawfulGoodPrototyping/UnlawfulGoodUnreal/Content/Enemies/Sprites/MidLevelEnemy/Mid-Level_enemy_sprites_Sprite_24.uexp" 1534
"C:/Users/Caryn/OneDrive - Ulster University/Documents/GitHub/UnlawfulGoodPrototyping/UnlawfulGoodUnreal/Content/Enemies/Sprites/MidLevelEnemy/Mid-Level_enemy_sprites_Sprite_25.uasset" 1535
"C:/Users/Caryn/OneDrive - Ulster University/Documents/GitHub/UnlawfulGoodPrototyping/UnlawfulGoodUnreal/Content/Enemies/Sprites/MidLevelEnemy/Mid-Level_enemy_sprites_Sprite_25.uexp" 1536
"C:/Users/Caryn/OneDrive - Ulster University/Documents/GitHub/UnlawfulGoodPrototyping/UnlawfulGoodUnreal/Content/Enemies/Sprites/MidLevelEnemy/Mid-Level_enemy_sprites_Sprite_26.uasset" 1537
"C:/Users/Caryn/OneDrive - Ulster University/Documents/GitHub/UnlawfulGoodPrototyping/UnlawfulGoodUnreal/Content/Enemies/Sprites/MidLevelEnemy/Mid-Level_enemy_sprites_Sprite_26.uexp" 1538
"C:/Users/Caryn/OneDrive - Ulster University/Documents/GitHub/UnlawfulGoodPrototyping/UnlawfulGoodUnreal/Content/Enemies/Sprites/Flipbooks/MidLevelEnemy/MLEnemyWalk.uasset" 1539
"C:/Users/Caryn/OneDrive - Ulster University/Documents/GitHub/UnlawfulGoodPrototyping/UnlawfulGoodUnreal/Content/Enemies/Sprites/Flipbooks/MidLevelEnemy/MLEnemyWalk.uexp" 1540
"C:/Users/Caryn/OneDrive - Ulster University/Documents/GitHub/UnlawfulGoodPrototyping/UnlawfulGoodUnreal/Content/Enemies/Blueprints/MidLevelEnemy/AnimSequences/Walk.uasset" 1541
"C:/Users/Caryn/OneDrive - Ulster University/Documents/GitHub/UnlawfulGoodPrototyping/UnlawfulGoodUnreal/Content/Enemies/Blueprints/MidLevelEnemy/AnimSequences/Walk.uexp" 1542
"C:/Users/Caryn/OneDrive - Ulster University/Documents/GitHub/UnlawfulGoodPrototyping/UnlawfulGoodUnreal/Content/Enemies/Sprites/MidLevelEnemy/Mid-Level_enemy_sprites_Sprite_76.uasset" 1543
"C:/Users/Caryn/OneDrive - Ulster University/Documents/GitHub/UnlawfulGoodPrototyping/UnlawfulGoodUnreal/Content/Enemies/Sprites/MidLevelEnemy/Mid-Level_enemy_sprites_Sprite_76.uexp" 1544
"C:/Users/Caryn/OneDrive - Ulster University/Documents/GitHub/UnlawfulGoodPrototyping/UnlawfulGoodUnreal/Content/Enemies/Sprites/MidLevelEnemy/Mid-Level_enemy_sprites_Sprite_77.uasset" 1545
"C:/Users/Caryn/OneDrive - Ulster University/Documents/GitHub/UnlawfulGoodPrototyping/UnlawfulGoodUnreal/Content/Enemies/Sprites/MidLevelEnemy/Mid-Level_enemy_sprites_Sprite_77.uexp" 1546
"C:/Users/Caryn/OneDrive - Ulster University/Documents/GitHub/UnlawfulGoodPrototyping/UnlawfulGoodUnreal/Content/Enemies/Sprites/MidLevelEnemy/Mid-Level_enemy_sprites_Sprite_78.uasset" 1547
"C:/Users/Caryn/OneDrive - Ulster University/Documents/GitHub/UnlawfulGoodPrototyping/UnlawfulGoodUnreal/Content/Enemies/Sprites/MidLevelEnemy/Mid-Level_enemy_sprites_Sprite_78.uexp" 1548
"C:/Users/Caryn/OneDrive - Ulster University/Documents/GitHub/UnlawfulGoodPrototyping/UnlawfulGoodUnreal/Content/Enemies/Sprites/Flipbooks/MidLevelEnemy/MLEnemyShoot.uasset" 1549
"C:/Users/Caryn/OneDrive - Ulster University/Documents/GitHub/UnlawfulGoodPrototyping/UnlawfulGoodUnreal/Content/Enemies/Sprites/Flipbooks/MidLevelEnemy/MLEnemyShoot.uexp" 1550
"C:/Users/Caryn/OneDrive - Ulster University/Documents/GitHub/UnlawfulGoodPrototyping/UnlawfulGoodUnreal/Content/Enemies/Blueprints/MidLevelEnemy/AnimSequences/Shoot.uasset" 1551
"C:/Users/Caryn/OneDrive - Ulster University/Documents/GitHub/UnlawfulGoodPrototyping/UnlawfulGoodUnreal/Content/Enemies/Blueprints/MidLevelEnemy/AnimSequences/Shoot.uexp" 1552
"C:/Users/Caryn/OneDrive - Ulster University/Documents/GitHub/UnlawfulGoodPrototyping/UnlawfulGoodUnreal/Content/Enemies/Sprites/MidLevelEnemy/Mid-Level_enemy_sprites_Sprite_173.uasset" 1553
"C:/Users/Caryn/OneDrive - Ulster University/Documents/GitHub/UnlawfulGoodPrototyping/UnlawfulGoodUnreal/Content/Enemies/Sprites/MidLevelEnemy/Mid-Level_enemy_sprites_Sprite_173.uexp" 1554
"C:/Users/Caryn/OneDrive - Ulster University/Documents/GitHub/UnlawfulGoodPrototyping/UnlawfulGoodUnreal/Content/Enemies/Sprites/MidLevelEnemy/Mid-Level_enemy_sprites_Sprite_174.uasset" 1555
"C:/Users/Caryn/OneDrive - Ulster University/Documents/GitHub/UnlawfulGoodPrototyping/UnlawfulGoodUnreal/Content/Enemies/Sprites/MidLevelEnemy/Mid-Level_enemy_sprites_Sprite_174.uexp" 1556
"C:/Users/Caryn/OneDrive - Ulster University/Documents/GitHub/UnlawfulGoodPrototyping/UnlawfulGoodUnreal/Content/Enemies/Sprites/Flipbooks/MidLevelEnemy/MLEnemyKnockedOut.uasset" 1557
"C:/Users/Caryn/OneDrive - Ulster University/Documents/GitHub/UnlawfulGoodPrototyping/UnlawfulGoodUnreal/Content/Enemies/Sprites/Flipbooks/MidLevelEnemy/MLEnemyKnockedOut.uexp" 1558
"C:/Users/Caryn/OneDrive - Ulster University/Documents/GitHub/UnlawfulGoodPrototyping/UnlawfulGoodUnreal/Content/Enemies/Blueprints/MidLevelEnemy/AnimSequences/KnockedOut.uasset" 1559
"C:/Users/Caryn/OneDrive - Ulster University/Documents/GitHub/UnlawfulGoodPrototyping/UnlawfulGoodUnreal/Content/Enemies/Blueprints/MidLevelEnemy/AnimSequences/KnockedOut.uexp" 1560
"C:/Users/Caryn/OneDrive - Ulster University/Documents/GitHub/UnlawfulGoodPrototyping/UnlawfulGoodUnreal/Content/Enemies/Sprites/MidLevelEnemy/Mid-Level_enemy_sprites_Sprite_0.uasset" 1561
"C:/Users/Caryn/OneDrive - Ulster University/Documents/GitHub/UnlawfulGoodPrototyping/UnlawfulGoodUnreal/Content/Enemies/Sprites/MidLevelEnemy/Mid-Level_enemy_sprites_Sprite_0.uexp" 1562
"C:/Users/Caryn/OneDrive - Ulster University/Documents/GitHub/UnlawfulGoodPrototyping/UnlawfulGoodUnreal/Content/Enemies/Sprites/MidLevelEnemy/Mid-Level_enemy_sprites_Sprite_1.uasset" 1563
"C:/Users/Caryn/OneDrive - Ulster University/Documents/GitHub/UnlawfulGoodPrototyping/UnlawfulGoodUnreal/Content/Enemies/Sprites/MidLevelEnemy/Mid-Level_enemy_sprites_Sprite_1.uexp" 1564
"C:/Users/Caryn/OneDrive - Ulster University/Documents/GitHub/UnlawfulGoodPrototyping/UnlawfulGoodUnreal/Content/Enemies/Sprites/MidLevelEnemy/Mid-Level_enemy_sprites_Sprite_2.uasset" 1565
"C:/Users/Caryn/OneDrive - Ulster University/Documents/GitHub/UnlawfulGoodPrototyping/UnlawfulGoodUnreal/Content/Enemies/Sprites/MidLevelEnemy/Mid-Level_enemy_sprites_Sprite_2.uexp" 1566
"C:/Users/Caryn/OneDrive - Ulster University/Documents/GitHub/UnlawfulGoodPrototyping/UnlawfulGoodUnreal/Content/Enemies/Sprites/MidLevelEnemy/Mid-Level_enemy_sprites_Sprite_3.uasset" 1567
"C:/Users/Caryn/OneDrive - Ulster University/Documents/GitHub/UnlawfulGoodPrototyping/UnlawfulGoodUnreal/Content/Enemies/Sprites/MidLevelEnemy/Mid-Level_enemy_sprites_Sprite_3.uexp" 1568
"C:/Users/Caryn/OneDrive - Ulster University/Documents/GitHub/UnlawfulGoodPrototyping/UnlawfulGoodUnreal/Content/Enemies/Sprites/MidLevelEnemy/Mid-Level_enemy_sprites_Sprite_4.uasset" 1569
"C:/Users/Caryn/OneDrive - Ulster University/Documents/GitHub/UnlawfulGoodPrototyping/UnlawfulGoodUnreal/Content/Enemies/Sprites/MidLevelEnemy/Mid-Level_enemy_sprites_Sprite_4.uexp" 1570
"C:/Users/Caryn/OneDrive - Ulster University/Documents/GitHub/UnlawfulGoodPrototyping/UnlawfulGoodUnreal/Content/Enemies/Sprites/MidLevelEnemy/Mid-Level_enemy_sprites_Sprite_5.uasset" 1571
"C:/Users/Caryn/OneDrive - Ulster University/Documents/GitHub/UnlawfulGoodPrototyping/UnlawfulGoodUnreal/Content/Enemies/Sprites/MidLevelEnemy/Mid-Level_enemy_sprites_Sprite_5.uexp" 1572
"C:/Users/Caryn/OneDrive - Ulster University/Documents/GitHub/UnlawfulGoodPrototyping/UnlawfulGoodUnreal/Content/Enemies/Sprites/MidLevelEnemy/Mid-Level_enemy_sprites_Sprite_6.uasset" 1573
"C:/Users/Caryn/OneDrive - Ulster University/Documents/GitHub/UnlawfulGoodPrototyping/UnlawfulGoodUnreal/Content/Enemies/Sprites/MidLevelEnemy/Mid-Level_enemy_sprites_Sprite_6.uexp" 1574
"C:/Users/Caryn/OneDrive - Ulster University/Documents/GitHub/UnlawfulGoodPrototyping/UnlawfulGoodUnreal/Content/Enemies/Sprites/MidLevelEnemy/Mid-Level_enemy_sprites_Sprite_7.uasset" 1575
"C:/Users/Caryn/OneDrive - Ulster University/Documents/GitHub/UnlawfulGoodPrototyping/UnlawfulGoodUnreal/Content/Enemies/Sprites/MidLevelEnemy/Mid-Level_enemy_sprites_Sprite_7.uexp" 1576
"C:/Users/Caryn/OneDrive - Ulster University/Documents/GitHub/UnlawfulGoodPrototyping/UnlawfulGoodUnreal/Content/Enemies/Sprites/MidLevelEnemy/Mid-Level_enemy_sprites_Sprite_8.uasset" 1577
"C:/Users/Caryn/OneDrive - Ulster University/Documents/GitHub/UnlawfulGoodPrototyping/UnlawfulGoodUnreal/Content/Enemies/Sprites/MidLevelEnemy/Mid-Level_enemy_sprites_Sprite_8.uexp" 1578
"C:/Users/Caryn/OneDrive - Ulster University/Documents/GitHub/UnlawfulGoodPrototyping/UnlawfulGoodUnreal/Content/Enemies/Sprites/Flipbooks/MidLevelEnemy/MLEnemyIdle.uasset" 1579
"C:/Users/Caryn/OneDrive - Ulster University/Documents/GitHub/UnlawfulGoodPrototyping/UnlawfulGoodUnreal/Content/Enemies/Sprites/Flipbooks/MidLevelEnemy/MLEnemyIdle.uexp" 1580
"C:/Users/Caryn/OneDrive - Ulster University/Documents/GitHub/UnlawfulGoodPrototyping/UnlawfulGoodUnreal/Content/Enemies/Blueprints/MidLevelEnemy/AnimSequences/Idle.uasset" 1581
"C:/Users/Caryn/OneDrive - Ulster University/Documents/GitHub/UnlawfulGoodPrototyping/UnlawfulGoodUnreal/Content/Enemies/Blueprints/MidLevelEnemy/AnimSequences/Idle.uexp" 1582
"C:/Users/Caryn/OneDrive - Ulster University/Documents/GitHub/UnlawfulGoodPrototyping/UnlawfulGoodUnreal/Content/Enemies/Sprites/MidLevelEnemy/Mid-Level_enemy_sprites_Sprite_171.uasset" 1583
"C:/Users/Caryn/OneDrive - Ulster University/Documents/GitHub/UnlawfulGoodPrototyping/UnlawfulGoodUnreal/Content/Enemies/Sprites/MidLevelEnemy/Mid-Level_enemy_sprites_Sprite_171.uexp" 1584
"C:/Users/Caryn/OneDrive - Ulster University/Documents/GitHub/UnlawfulGoodPrototyping/UnlawfulGoodUnreal/Content/Enemies/Sprites/MidLevelEnemy/Mid-Level_enemy_sprites_Sprite_172.uasset" 1585
"C:/Users/Caryn/OneDrive - Ulster University/Documents/GitHub/UnlawfulGoodPrototyping/UnlawfulGoodUnreal/Content/Enemies/Sprites/MidLevelEnemy/Mid-Level_enemy_sprites_Sprite_172.uexp" 1586
"C:/Users/Caryn/OneDrive - Ulster University/Documents/GitHub/UnlawfulGoodPrototyping/UnlawfulGoodUnreal/Content/Enemies/Sprites/MidLevelEnemy/MLEnemyHurt.uasset" 1587
"C:/Users/Caryn/OneDrive - Ulster University/Documents/GitHub/UnlawfulGoodPrototyping/UnlawfulGoodUnreal/Content/Enemies/Sprites/MidLevelEnemy/MLEnemyHurt.uexp" 1588
"C:/Users/Caryn/OneDrive - Ulster University/Documents/GitHub/UnlawfulGoodPrototyping/UnlawfulGoodUnreal/Content/Enemies/Blueprints/MidLevelEnemy/AnimSequences/Hurt.uasset" 1589
"C:/Users/Caryn/OneDrive - Ulster University/Documents/GitHub/UnlawfulGoodPrototyping/UnlawfulGoodUnreal/Content/Enemies/Blueprints/MidLevelEnemy/AnimSequences/Hurt.uexp" 1590
"C:/Users/Caryn/OneDrive - Ulster University/Documents/GitHub/UnlawfulGoodPrototyping/UnlawfulGoodUnreal/Content/Enemies/Blueprints/MidLevelEnemy/ABP_MLEnemy.uasset" 1591
"C:/Users/Caryn/OneDrive - Ulster University/Documents/GitHub/UnlawfulGoodPrototyping/UnlawfulGoodUnreal/Content/Enemies/Blueprints/MidLevelEnemy/ABP_MLEnemy.uexp" 1592
"C:/Users/Caryn/OneDrive - Ulster University/Documents/GitHub/UnlawfulGoodPrototyping/UnlawfulGoodUnreal/Content/Enemies/Blueprints/MidLevelEnemy/BP_MLEnemy.uasset" 1593
"C:/Users/Caryn/OneDrive - Ulster University/Documents/GitHub/UnlawfulGoodPrototyping/UnlawfulGoodUnreal/Content/Enemies/Blueprints/MidLevelEnemy/BP_MLEnemy.uexp" 1594
"C:/Users/Caryn/OneDrive - Ulster University/Documents/GitHub/UnlawfulGoodPrototyping/UnlawfulGoodUnreal/Content/Levels/Floor2.uexp" 1595
"C:/Users/Caryn/OneDrive - Ulster University/Documents/GitHub/UnlawfulGoodPrototyping/UnlawfulGoodUnreal/Content/Levels/Floor2.umap" 1596
